0.00577116012573,-0.00439453125,-0.01171875,-0.5205078125
0.0107560157776,-0.00048828125,-0.01220703125,-0.51611328125
0.0166380405426,-0.00048828125,-0.01220703125,-0.51611328125
0.0216271877289,-0.00048828125,-0.01220703125,-0.51611328125
0.0278751850128,-0.00048828125,-0.01220703125,-0.51611328125
0.0335900783539,-0.00048828125,-0.01220703125,-0.51611328125
0.038642168045,-0.00048828125,-0.01220703125,-0.51611328125
0.044527053833,-0.00048828125,-0.01220703125,-0.51611328125
0.0495121479034,-0.00048828125,-0.01220703125,-0.51611328125
0.0555109977722,-0.00048828125,-0.01220703125,-0.51611328125
0.0615041255951,-0.00048828125,-0.01220703125,-0.51611328125
0.0663950443268,-0.00048828125,-0.01220703125,-0.51611328125
0.0723810195923,-0.00048828125,-0.01220703125,-0.51611328125
0.0773751735687,-0.00048828125,-0.01220703125,-0.51611328125
0.0835580825806,-0.00048828125,-0.01220703125,-0.51611328125
0.0892400741577,0.00390625,-0.01416015625,-0.51416015625
0.0943291187286,0.00390625,-0.01416015625,-0.51416015625
0.100310087204,0.00390625,-0.01416015625,-0.51416015625
0.105350017548,0.00390625,-0.01416015625,-0.51416015625
0.111310005188,0.00390625,-0.01416015625,-0.51416015625
0.117182016373,0.00390625,-0.01416015625,-0.51416015625
0.122398138046,0.00390625,-0.01416015625,-0.51416015625
0.128214120865,0.00390625,-0.01416015625,-0.51416015625
0.133166074753,0.00390625,-0.01416015625,-0.51416015625
0.139029026031,0.00390625,-0.01416015625,-0.51416015625
0.145048141479,0.00390625,-0.01416015625,-0.51416015625
0.151089191437,0.00390625,-0.01416015625,-0.51416015625
0.156902074814,0.00390625,-0.01416015625,-0.51416015625
0.162828207016,0.00390625,-0.01416015625,-0.51416015625
0.167884111404,-0.0009765625,-0.021484375,-0.51904296875
0.173874139786,-0.0009765625,-0.021484375,-0.51904296875
0.178884983063,-0.0009765625,-0.021484375,-0.51904296875
0.184942007065,-0.0009765625,-0.021484375,-0.51904296875
0.190713167191,-0.0009765625,-0.021484375,-0.51904296875
0.195765018463,-0.0009765625,-0.021484375,-0.51904296875
0.201745033264,-0.0009765625,-0.021484375,-0.51904296875
0.206624984741,-0.0009765625,-0.021484375,-0.51904296875
0.212635993958,-0.0009765625,-0.021484375,-0.51904296875
0.218607187271,-0.0009765625,-0.021484375,-0.51904296875
0.223644018173,-0.0009765625,-0.021484375,-0.51904296875
0.229495048523,-0.0009765625,-0.021484375,-0.51904296875
0.234489202499,-0.0009765625,-0.021484375,-0.51904296875
0.2406001091,-0.0009765625,-0.021484375,-0.51904296875
0.24659204483,-0.0009765625,-0.021484375,-0.51904296875
0.251666069031,-0.0009765625,-0.0107421875,-0.50732421875
0.257569074631,-0.0009765625,-0.0107421875,-0.50732421875
0.262533187866,-0.0009765625,-0.0107421875,-0.50732421875
0.268563985825,-0.0009765625,-0.0107421875,-0.50732421875
0.274363994598,-0.0009765625,-0.0107421875,-0.50732421875
0.279751062393,-0.0009765625,-0.0107421875,-0.50732421875
0.285269021988,-0.0009765625,-0.0107421875,-0.50732421875
0.290256023407,-0.0009765625,-0.0107421875,-0.50732421875
0.296269178391,-0.0009765625,-0.0107421875,-0.50732421875
0.302119016647,-0.0009765625,-0.0107421875,-0.50732421875
0.307126998901,-0.0009765625,-0.0107421875,-0.50732421875
0.314251184464,-0.0009765625,-0.0107421875,-0.50732421875
0.320094108582,-0.0009765625,-0.0107421875,-0.50732421875
0.325136184692,-0.0009765625,-0.0107421875,-0.50732421875
0.331037998199,0.001953125,-0.0166015625,-0.51904296875
0.336002111435,0.001953125,-0.0166015625,-0.51904296875
0.342019081116,0.001953125,-0.0166015625,-0.51904296875
0.347820043564,0.001953125,-0.0166015625,-0.51904296875
0.352874040604,0.001953125,-0.0166015625,-0.51904296875
0.358868122101,0.001953125,-0.0166015625,-0.51904296875
0.363878011703,0.001953125,-0.0166015625,-0.51904296875
0.36994600296,0.001953125,-0.0166015625,-0.51904296875
0.375817060471,0.001953125,-0.0166015625,-0.51904296875
0.380872011185,0.001953125,-0.0166015625,-0.51904296875
0.386783123016,0.001953125,-0.0166015625,-0.51904296875
0.391782045364,0.001953125,-0.0166015625,-0.51904296875
0.398851156235,0.001953125,-0.0166015625,-0.51904296875
0.403598070145,0.001953125,-0.0166015625,-0.51904296875
0.408612012863,0.00732421875,-0.013671875,-0.51953125
0.414628982544,0.00732421875,-0.013671875,-0.51953125
0.419619083405,0.00732421875,-0.013671875,-0.51953125
0.425467014313,0.00732421875,-0.013671875,-0.51953125
0.431565999985,0.00732421875,-0.013671875,-0.51953125
0.436522006989,0.00732421875,-0.013671875,-0.51953125
0.442511081696,0.00732421875,-0.013671875,-0.51953125
0.447386980057,0.00732421875,-0.013671875,-0.51953125
0.453382015228,0.00732421875,-0.013671875,-0.51953125
0.459376096725,0.00732421875,-0.013671875,-0.51953125
0.46439409256,0.00732421875,-0.013671875,-0.51953125
0.470257997513,0.00732421875,-0.013671875,-0.51953125
0.477248191833,0.00732421875,-0.013671875,-0.51953125
0.482293128967,0.00732421875,-0.013671875,-0.51953125
0.488349199295,0.00927734375,-0.0048828125,-0.50244140625
0.493497133255,0.00927734375,-0.0048828125,-0.50244140625
0.499248027802,0.00927734375,-0.0048828125,-0.50244140625
0.505182981491,0.00927734375,-0.0048828125,-0.50244140625
0.510231018066,0.00927734375,-0.0048828125,-0.50244140625
0.516119003296,0.00927734375,-0.0048828125,-0.50244140625
0.521092176437,0.00927734375,-0.0048828125,-0.50244140625
0.527116060257,0.00927734375,-0.0048828125,-0.50244140625
0.533097028732,0.00927734375,-0.0048828125,-0.50244140625
0.538107156754,0.00927734375,-0.0048828125,-0.50244140625
0.543995141983,0.00927734375,-0.0048828125,-0.50244140625
0.548983097076,0.00927734375,-0.0048828125,-0.50244140625
0.554944038391,0.00927734375,-0.0048828125,-0.50244140625
0.561004161835,0.00927734375,-0.0048828125,-0.50244140625
0.565998077393,0.00244140625,-0.0078125,-0.5126953125
0.571818113327,0.00244140625,-0.0078125,-0.5126953125
0.576948165894,0.00244140625,-0.0078125,-0.5126953125
0.582885026932,0.00244140625,-0.0078125,-0.5126953125
0.588628053665,0.00244140625,-0.0078125,-0.5126953125
0.593658208847,0.00244140625,-0.0078125,-0.5126953125
0.599650144577,0.00244140625,-0.0078125,-0.5126953125
0.604659080505,0.00244140625,-0.0078125,-0.5126953125
0.610658168793,0.00244140625,-0.0078125,-0.5126953125
0.616571187973,0.00244140625,-0.0078125,-0.5126953125
0.621695995331,0.00244140625,-0.0078125,-0.5126953125
0.627735137939,0.00244140625,-0.0078125,-0.5126953125
0.632625102997,0.00244140625,-0.0078125,-0.5126953125
0.639475107193,0.00244140625,-0.0078125,-0.5126953125
0.645399093628,0.0087890625,-0.0107421875,-0.5126953125
0.650500059128,0.0087890625,-0.0107421875,-0.5126953125
0.65656709671,0.0087890625,-0.0107421875,-0.5126953125
0.662301063538,0.0087890625,-0.0107421875,-0.5126953125
0.667355060577,0.0087890625,-0.0107421875,-0.5126953125
0.67335319519,0.0087890625,-0.0107421875,-0.5126953125
0.678621053696,0.0087890625,-0.0107421875,-0.5126953125
0.684243202209,0.0087890625,-0.0107421875,-0.5126953125
0.690217971802,0.0087890625,-0.0107421875,-0.5126953125
0.695223093033,0.0087890625,-0.0107421875,-0.5126953125
0.701231002808,0.0087890625,-0.0107421875,-0.5126953125
0.706218004227,0.0087890625,-0.0107421875,-0.5126953125
0.712157011032,0.0087890625,-0.0107421875,-0.5126953125
0.718022108078,0.0087890625,-0.0107421875,-0.5126953125
0.723077058792,0.0087890625,-0.0107421875,-0.5126953125
0.728994131088,0.00732421875,-0.00439453125,-0.51171875
0.733862161636,0.00732421875,-0.00439453125,-0.51171875
0.739943981171,0.00732421875,-0.00439453125,-0.51171875
0.745843172073,0.00732421875,-0.00439453125,-0.51171875
0.750864028931,0.00732421875,-0.00439453125,-0.51171875
0.756877183914,0.00732421875,-0.00439453125,-0.51171875
0.761793136597,0.00732421875,-0.00439453125,-0.51171875
0.767755031586,0.00732421875,-0.00439453125,-0.51171875
0.773735046387,0.00732421875,-0.00439453125,-0.51171875
0.778643131256,0.00732421875,-0.00439453125,-0.51171875
0.784622192383,0.00732421875,-0.00439453125,-0.51171875
0.78963804245,0.00732421875,-0.00439453125,-0.51171875
0.795651197433,0.00732421875,-0.00439453125,-0.51171875
0.801532030106,0.00732421875,-0.00439453125,-0.51171875
0.807522058487,0.01025390625,0.0009765625,-0.501953125
0.813480138779,0.01025390625,0.0009765625,-0.501953125
0.819456100464,0.01025390625,0.0009765625,-0.501953125
0.824345111847,0.01025390625,0.0009765625,-0.501953125
0.830423116684,0.01025390625,0.0009765625,-0.501953125
0.835364103317,0.01025390625,0.0009765625,-0.501953125
0.841364145279,0.01025390625,0.0009765625,-0.501953125
0.847315073013,0.01025390625,0.0009765625,-0.501953125
0.852245092392,0.01025390625,0.0009765625,-0.501953125
0.858247041702,0.01025390625,0.0009765625,-0.501953125
0.863335132599,0.01025390625,0.0009765625,-0.501953125
0.869275093079,0.01025390625,0.0009765625,-0.501953125
0.875099182129,0.01025390625,0.0009765625,-0.501953125
0.880112171173,0.01025390625,0.0009765625,-0.501953125
0.886106014252,0.00634765625,-0.01220703125,-0.52783203125
0.891101121902,0.00634765625,-0.01220703125,-0.52783203125
0.896993160248,0.00634765625,-0.01220703125,-0.52783203125
0.902974128723,0.00634765625,-0.01220703125,-0.52783203125
0.907982110977,0.00634765625,-0.01220703125,-0.52783203125
0.913964986801,0.00634765625,-0.01220703125,-0.52783203125
0.919803142548,0.00634765625,-0.01220703125,-0.52783203125
0.924936056137,0.00634765625,-0.01220703125,-0.52783203125
0.930848121643,0.00634765625,-0.01220703125,-0.52783203125
0.935875177383,0.00634765625,-0.01220703125,-0.52783203125
0.941871166229,0.00634765625,-0.01220703125,-0.52783203125
0.946875095367,0.00634765625,-0.01220703125,-0.52783203125
0.953149080276,0.00634765625,-0.01220703125,-0.52783203125
0.958739042282,0.00634765625,-0.01220703125,-0.52783203125
0.963838100433,0.009765625,-0.00634765625,-0.5048828125
0.97065114975,0.009765625,-0.00634765625,-0.5048828125
0.97664308548,0.009765625,-0.00634765625,-0.5048828125
0.98162817955,0.009765625,-0.00634765625,-0.5048828125
0.987729072571,0.009765625,-0.00634765625,-0.5048828125
0.992588996887,0.009765625,-0.00634765625,-0.5048828125
0.998615026474,0.009765625,-0.00634765625,-0.5048828125
1.00458598137,0.009765625,-0.00634765625,-0.5048828125
1.00959014893,0.009765625,-0.00634765625,-0.5048828125
1.01583218575,0.009765625,-0.00634765625,-0.5048828125
1.0205321312,0.009765625,-0.00634765625,-0.5048828125
1.02647900581,0.009765625,-0.00634765625,-0.5048828125
1.03250408173,0.009765625,-0.00634765625,-0.5048828125
1.03748011589,0.009765625,-0.00634765625,-0.5048828125
1.04333901405,0.0009765625,-0.01318359375,-0.5048828125
1.04929113388,0.0009765625,-0.01318359375,-0.5048828125
1.05438613892,0.0009765625,-0.01318359375,-0.5048828125
1.06034517288,0.0009765625,-0.01318359375,-0.5048828125
1.06512117386,0.0009765625,-0.01318359375,-0.5048828125
1.07114601135,0.0009765625,-0.01318359375,-0.5048828125
1.0771150589,0.0009765625,-0.01318359375,-0.5048828125
1.08214116096,0.0009765625,-0.01318359375,-0.5048828125
1.08797311783,0.0009765625,-0.01318359375,-0.5048828125
1.09301614761,0.0009765625,-0.01318359375,-0.5048828125
1.09901618958,0.0009765625,-0.01318359375,-0.5048828125
1.10495114326,0.0009765625,-0.01318359375,-0.5048828125
1.10990214348,0.0009765625,-0.01318359375,-0.5048828125
1.11590313911,0.0009765625,-0.01318359375,-0.5048828125
1.12088418007,0.0009765625,-0.01318359375,-0.5048828125
1.12689805031,0.01025390625,-0.00634765625,-0.5068359375
1.13396000862,0.01025390625,-0.00634765625,-0.5068359375
1.138931036,0.01025390625,-0.00634765625,-0.5068359375
1.14489006996,0.01025390625,-0.00634765625,-0.5068359375
1.14992308617,0.01025390625,-0.00634765625,-0.5068359375
1.15585207939,0.01025390625,-0.00634765625,-0.5068359375
1.16171813011,0.01025390625,-0.00634765625,-0.5068359375
1.16672611237,0.01025390625,-0.00634765625,-0.5068359375
1.1727411747,0.01025390625,-0.00634765625,-0.5068359375
1.17867803574,0.01025390625,-0.00634765625,-0.5068359375
1.18358802795,0.01025390625,-0.00634765625,-0.5068359375
1.18960809708,0.01025390625,-0.00634765625,-0.5068359375
1.1946041584,0.01025390625,-0.00634765625,-0.5068359375
1.2009241581,0.01025390625,-0.00634765625,-0.5068359375
1.20642518997,0.01220703125,-0.00732421875,-0.52099609375
1.21151304245,0.01220703125,-0.00732421875,-0.52099609375
1.21751904488,0.01220703125,-0.00732421875,-0.52099609375
1.22238707542,0.01220703125,-0.00732421875,-0.52099609375
1.22824907303,0.01220703125,-0.00732421875,-0.52099609375
1.23420906067,0.01220703125,-0.00732421875,-0.52099609375
1.23926401138,0.01220703125,-0.00732421875,-0.52099609375
1.245262146,0.01220703125,-0.00732421875,-0.52099609375
1.25028514862,0.01220703125,-0.00732421875,-0.52099609375
1.25625705719,0.01220703125,-0.00732421875,-0.52099609375
1.26216816902,0.01220703125,-0.00732421875,-0.52099609375
1.26718401909,0.01220703125,-0.00732421875,-0.52099609375
1.27317619324,0.01220703125,-0.00732421875,-0.52099609375
1.27814912796,0.01220703125,-0.00732421875,-0.52099609375
1.28397798538,0.0068359375,-0.00244140625,-0.50927734375
1.29012703896,0.0068359375,-0.00244140625,-0.50927734375
1.2961461544,0.0068359375,-0.00244140625,-0.50927734375
1.30197310448,0.0068359375,-0.00244140625,-0.50927734375
1.30792617798,0.0068359375,-0.00244140625,-0.50927734375
1.31298017502,0.0068359375,-0.00244140625,-0.50927734375
1.31901311874,0.0068359375,-0.00244140625,-0.50927734375
1.32403612137,0.0068359375,-0.00244140625,-0.50927734375
1.32999110222,0.0068359375,-0.00244140625,-0.50927734375
1.33579802513,0.0068359375,-0.00244140625,-0.50927734375
1.34085202217,0.0068359375,-0.00244140625,-0.50927734375
1.34683513641,0.0068359375,-0.00244140625,-0.50927734375
1.35204219818,0.0068359375,-0.00244140625,-0.50927734375
1.35771417618,0.0068359375,-0.00244140625,-0.50927734375
1.36361718178,0.00439453125,-0.00927734375,-0.5087890625
1.36862516403,0.00439453125,-0.00927734375,-0.5087890625
1.37449908257,0.00439453125,-0.00927734375,-0.5087890625
1.37947106361,0.00439453125,-0.00927734375,-0.5087890625
1.38550901413,0.00439453125,-0.00927734375,-0.5087890625
1.391518116,0.00439453125,-0.00927734375,-0.5087890625
1.39641904831,0.00439453125,-0.00927734375,-0.5087890625
1.4023501873,0.00439453125,-0.00927734375,-0.5087890625
1.40741300583,0.00439453125,-0.00927734375,-0.5087890625
1.41343808174,0.00439453125,-0.00927734375,-0.5087890625
1.41928005219,0.00439453125,-0.00927734375,-0.5087890625
1.42427420616,0.00439453125,-0.00927734375,-0.5087890625
1.43028306961,0.00439453125,-0.00927734375,-0.5087890625
1.43528699875,0.00439453125,-0.00927734375,-0.5087890625
1.44129300117,0.0107421875,-0.00634765625,-0.5087890625
1.44733405113,0.0107421875,-0.00634765625,-0.5087890625
1.45217013359,0.0107421875,-0.00634765625,-0.5087890625
1.45816302299,0.0107421875,-0.00634765625,-0.5087890625
1.46513605118,0.0107421875,-0.00634765625,-0.5087890625
1.47002601624,0.0107421875,-0.00634765625,-0.5087890625
1.47738814354,0.0107421875,-0.00634765625,-0.5087890625
1.48106312752,0.0107421875,-0.00634765625,-0.5087890625
1.48699808121,0.0107421875,-0.00634765625,-0.5087890625
1.49288320541,0.0107421875,-0.00634765625,-0.5087890625
1.49786806107,0.0107421875,-0.00634765625,-0.5087890625
1.50386309624,0.0107421875,-0.00634765625,-0.5087890625
1.50887203217,0.0107421875,-0.00634765625,-0.5087890625
1.51485705376,0.0107421875,-0.00634765625,-0.5087890625
1.52083206177,0.00537109375,-0.01220703125,-0.5087890625
1.5257461071,0.00537109375,-0.01220703125,-0.51513671875
1.53175210953,0.00537109375,-0.01220703125,-0.51513671875
1.53780007362,0.00537109375,-0.01220703125,-0.51513671875
1.5426671505,0.00537109375,-0.01220703125,-0.51513671875
1.54865407944,0.00537109375,-0.01220703125,-0.51513671875
1.5536570549,0.00537109375,-0.01220703125,-0.51513671875
1.5596370697,0.00537109375,-0.01220703125,-0.51513671875
1.56550002098,0.00537109375,-0.01220703125,-0.51513671875
1.5707449913,0.00537109375,-0.01220703125,-0.51513671875
1.57657814026,0.00537109375,-0.01220703125,-0.51513671875
1.58153700829,0.00537109375,-0.01220703125,-0.51513671875
1.58737111092,0.00537109375,-0.01220703125,-0.51513671875
1.59336400032,0.00537109375,-0.01220703125,-0.51513671875
1.59842801094,0.00537109375,-0.01220703125,-0.51513671875
1.60444617271,0.00244140625,-0.0146484375,-0.5146484375
1.60937714577,0.00244140625,-0.0146484375,-0.5146484375
1.61527514458,0.00244140625,-0.0146484375,-0.5146484375
1.62126398087,0.00244140625,-0.0146484375,-0.5146484375
1.6272790432,0.00244140625,-0.0146484375,-0.5146484375
1.6333861351,0.00244140625,-0.0146484375,-0.5146484375
1.63911104202,0.00244140625,-0.0146484375,-0.5146484375
1.64412212372,0.00244140625,-0.0146484375,-0.5146484375
1.65008497238,0.00244140625,-0.0146484375,-0.5146484375
1.65512299538,0.00244140625,-0.0146484375,-0.5146484375
1.66113400459,0.00244140625,-0.0146484375,-0.5146484375
1.66694712639,0.00244140625,-0.0146484375,-0.5146484375
1.67199420929,0.00244140625,-0.0146484375,-0.5146484375
1.67807817459,0.00244140625,-0.0146484375,-0.5146484375
1.68286800385,0.00341796875,-0.00830078125,-0.517578125
1.68890500069,0.00341796875,-0.00830078125,-0.517578125
1.6949160099,0.00341796875,-0.00830078125,-0.517578125
1.69991803169,0.00341796875,-0.00830078125,-0.517578125
1.70624804497,0.00341796875,-0.00830078125,-0.517578125
1.71101212502,0.00341796875,-0.00830078125,-0.517578125
1.71684718132,0.00341796875,-0.00830078125,-0.517578125
1.72453999519,0.00341796875,-0.00830078125,-0.517578125
1.72772812843,0.00341796875,-0.00830078125,-0.517578125
1.73358607292,0.00341796875,-0.00830078125,-0.517578125
1.73858213425,0.00341796875,-0.00830078125,-0.517578125
1.74458217621,0.00341796875,-0.00830078125,-0.517578125
1.7505800724,0.00341796875,-0.00830078125,-0.517578125
1.75547409058,0.00341796875,-0.00830078125,-0.517578125
1.76145720482,0.00439453125,-0.00537109375,-0.51318359375
1.76743412018,0.00439453125,-0.00537109375,-0.51318359375
1.77245497704,0.00439453125,-0.00537109375,-0.51318359375
1.77834010124,0.00439453125,-0.00537109375,-0.51318359375
1.78337597847,0.00439453125,-0.00537109375,-0.51318359375
1.79036617279,0.00439453125,-0.00537109375,-0.51318359375
1.79632997513,0.00439453125,-0.00537109375,-0.51318359375
1.80123710632,0.00439453125,-0.00537109375,-0.51318359375
1.8072450161,0.00439453125,-0.00537109375,-0.51318359375
1.81224298477,0.00439453125,-0.00537109375,-0.51318359375
1.81824803352,0.00439453125,-0.00537109375,-0.51318359375
1.82407903671,0.00439453125,-0.00537109375,-0.51318359375
1.82911300659,0.00439453125,-0.00537109375,-0.51318359375
1.83509302139,0.00439453125,-0.00537109375,-0.51318359375
1.84007811546,0.00048828125,-0.01123046875,-0.51708984375
1.84612107277,0.00048828125,-0.01123046875,-0.51708984375
1.85195398331,0.00048828125,-0.01123046875,-0.51708984375
1.85696411133,0.00048828125,-0.01123046875,-0.51708984375
1.8629591465,0.00048828125,-0.01123046875,-0.51708984375
1.86893415451,0.00048828125,-0.01123046875,-0.51708984375
1.87385606766,0.00048828125,-0.01123046875,-0.51708984375
1.87984418869,0.00048828125,-0.01123046875,-0.51708984375
1.88486599922,0.00048828125,-0.01123046875,-0.51708984375
1.89086699486,0.00048828125,-0.01123046875,-0.51708984375
1.89681816101,0.00048828125,-0.01123046875,-0.51708984375
1.90191912651,0.00048828125,-0.01123046875,-0.51708984375
1.90802598,0.00048828125,-0.01123046875,-0.51708984375
1.91281414032,0.00048828125,-0.01123046875,-0.51708984375
1.91865515709,0.00634765625,-0.0205078125,-0.51708984375
1.9246430397,0.00634765625,-0.0205078125,-0.51708984375
1.92965006828,0.00634765625,-0.0205078125,-0.51708984375
1.93572497368,0.00634765625,-0.0205078125,-0.51708984375
1.94070911407,0.00634765625,-0.0205078125,-0.51708984375
1.94649720192,0.00634765625,-0.0205078125,-0.51708984375
1.95347213745,0.00634765625,-0.0205078125,-0.51708984375
1.9584941864,0.00634765625,-0.0205078125,-0.51708984375
1.96449613571,0.00634765625,-0.0205078125,-0.51708984375
1.97032403946,0.00634765625,-0.0205078125,-0.51708984375
1.97537016869,0.00634765625,-0.0205078125,-0.51708984375
1.98145604134,0.00634765625,-0.0205078125,-0.51708984375
1.98640298843,0.00634765625,-0.0205078125,-0.51708984375
1.99227714539,0.00634765625,-0.0205078125,-0.51708984375
1.99819207191,0.060546875,-0.0205078125,-0.51708984375
2.00332808495,0.060546875,-0.0205078125,-0.51171875
2.00928020477,0.060546875,-0.0205078125,-0.51171875
2.01415920258,0.060546875,-0.0205078125,-0.51171875
2.02018713951,0.060546875,-0.0205078125,-0.51171875
2.02609014511,0.060546875,-0.0205078125,-0.51171875
2.03126811981,0.060546875,-0.0205078125,-0.51171875
2.0371761322,0.060546875,-0.0205078125,-0.51171875
2.04201817513,0.060546875,-0.0205078125,-0.51171875
2.04803204536,0.060546875,-0.0205078125,-0.51171875
2.05405497551,0.060546875,-0.0205078125,-0.51171875
2.05913209915,0.060546875,-0.0205078125,-0.51171875
2.0648920536,0.060546875,-0.0205078125,-0.51171875
2.07085299492,0.060546875,-0.0205078125,-0.51171875
2.07591605186,0.060546875,-0.0205078125,-0.51171875
2.08187603951,0.119140625,-0.01953125,-0.4921875
2.08689403534,0.119140625,-0.01953125,-0.4921875
2.09289813042,0.119140625,-0.01953125,-0.4921875
2.09871506691,0.119140625,-0.01953125,-0.4921875
2.10377311707,0.119140625,-0.01953125,-0.4921875
2.10963702202,0.119140625,-0.01953125,-0.4921875
2.11464500427,0.119140625,-0.01953125,-0.4921875
2.12172198296,0.119140625,-0.01953125,-0.4921875
2.12762117386,0.119140625,-0.01953125,-0.4921875
2.13263010979,0.119140625,-0.01953125,-0.4921875
2.13865804672,0.119140625,-0.01953125,-0.4921875
2.14462900162,0.119140625,-0.01953125,-0.4921875
2.14965105057,0.119140625,-0.01953125,-0.4921875
2.15568900108,0.119140625,-0.01953125,-0.4921875
2.16052818298,0.18310546875,-0.001953125,-0.42333984375
2.16644716263,0.18310546875,-0.001953125,-0.42333984375
2.17243099213,0.18310546875,-0.001953125,-0.42333984375
2.17752814293,0.18310546875,-0.001953125,-0.42333984375
2.18363714218,0.18310546875,-0.001953125,-0.42333984375
2.1883661747,0.18310546875,-0.001953125,-0.42333984375
2.1943461895,0.18310546875,-0.001953125,-0.42333984375
2.20033097267,0.18310546875,-0.001953125,-0.42333984375
2.20522499084,0.18310546875,-0.001953125,-0.42333984375
2.21122002602,0.18310546875,-0.001953125,-0.42333984375
2.21634101868,0.18310546875,-0.001953125,-0.42333984375
2.22214412689,0.18310546875,-0.001953125,-0.42333984375
2.22799110413,0.18310546875,-0.001953125,-0.42333984375
2.23302507401,0.18310546875,-0.001953125,-0.42333984375
2.23902511597,0.2392578125,-0.0107421875,-0.388671875
2.24499797821,0.2392578125,-0.0107421875,-0.388671875
2.25002598763,0.2392578125,-0.0107421875,-0.388671875
2.25587105751,0.2392578125,-0.0107421875,-0.388671875
2.26088619232,0.2392578125,-0.0107421875,-0.388671875
2.26701211929,0.2392578125,-0.0107421875,-0.388671875
2.27288508415,0.2392578125,-0.0107421875,-0.388671875
2.27815508842,0.2392578125,-0.0107421875,-0.388671875
2.28493213654,0.2392578125,-0.0107421875,-0.388671875
2.28976202011,0.2392578125,-0.0107421875,-0.388671875
2.29577112198,0.2392578125,-0.0107421875,-0.388671875
2.30161309242,0.2392578125,-0.0107421875,-0.388671875
2.30687499046,0.2392578125,-0.0107421875,-0.388671875
2.31272101402,0.2392578125,-0.0107421875,-0.388671875
2.31884217262,0.318359375,-0.01318359375,-0.37548828125
2.32366204262,0.318359375,-0.01318359375,-0.37548828125
2.32963609695,0.318359375,-0.01318359375,-0.37548828125
2.33452606201,0.318359375,-0.01318359375,-0.37548828125
2.34080004692,0.318359375,-0.01318359375,-0.37548828125
2.34660410881,0.318359375,-0.01318359375,-0.37548828125
2.35149717331,0.318359375,-0.01318359375,-0.37548828125
2.3575232029,0.318359375,-0.01318359375,-0.37548828125
2.36239409447,0.318359375,-0.01318359375,-0.37548828125
2.36839818954,0.318359375,-0.01318359375,-0.37548828125
2.37423419952,0.318359375,-0.01318359375,-0.37548828125
2.37924408913,0.318359375,-0.01318359375,-0.37548828125
2.38527011871,0.318359375,-0.01318359375,-0.37548828125
2.39027309418,0.318359375,-0.01318359375,-0.37548828125
2.39616203308,0.361328125,-0.0107421875,-0.37548828125
2.40229320526,0.361328125,-0.0107421875,-0.36376953125
2.40710902214,0.361328125,-0.0107421875,-0.36376953125
2.41327810287,0.361328125,-0.0107421875,-0.36376953125
2.41909718513,0.361328125,-0.0107421875,-0.36376953125
2.42409610748,0.361328125,-0.0107421875,-0.36376953125
2.43030118942,0.361328125,-0.0107421875,-0.36376953125
2.43510508537,0.361328125,-0.0107421875,-0.36376953125
2.44103598595,0.361328125,-0.0107421875,-0.36376953125
2.44796204567,0.361328125,-0.0107421875,-0.36376953125
2.45294809341,0.361328125,-0.0107421875,-0.36376953125
2.45899319649,0.361328125,-0.0107421875,-0.36376953125
2.4639852047,0.361328125,-0.0107421875,-0.36376953125
2.46997404099,0.361328125,-0.0107421875,-0.36376953125
2.47588419914,0.38134765625,-0.0107421875,-0.36376953125
2.48087310791,0.38134765625,-0.0107421875,-0.3603515625
2.48685097694,0.38134765625,-0.0107421875,-0.3603515625
2.49305605888,0.38134765625,-0.0107421875,-0.3603515625
2.49777317047,0.38134765625,-0.0107421875,-0.3603515625
2.50375413895,0.38134765625,-0.0107421875,-0.3603515625
2.50863313675,0.38134765625,-0.0107421875,-0.3603515625
2.51450800896,0.38134765625,-0.0107421875,-0.3603515625
2.52062511444,0.38134765625,-0.0107421875,-0.3603515625
2.52550697327,0.38134765625,-0.0107421875,-0.3603515625
2.53150701523,0.38134765625,-0.0107421875,-0.3603515625
2.53639006615,0.38134765625,-0.0107421875,-0.3603515625
2.54250001907,0.38134765625,-0.0107421875,-0.3603515625
2.54842805862,0.38134765625,-0.0107421875,-0.3603515625
2.55354499817,0.38134765625,-0.0107421875,-0.3603515625
2.55947399139,0.38671875,-0.021484375,-0.25
2.56431007385,0.38671875,-0.021484375,-0.25
2.57037520409,0.38671875,-0.021484375,-0.25
2.57634902,0.38671875,-0.021484375,-0.25
2.58135104179,0.38671875,-0.021484375,-0.25
2.5872399807,0.38671875,-0.021484375,-0.25
2.59317398071,0.38671875,-0.021484375,-0.25
2.59822010994,0.38671875,-0.021484375,-0.25
2.60421800613,0.38671875,-0.021484375,-0.25
2.61009407043,0.38671875,-0.021484375,-0.25
2.61612820625,0.38671875,-0.021484375,-0.25
2.62203907967,0.38671875,-0.021484375,-0.25
2.62701010704,0.38671875,-0.021484375,-0.25
2.6329741478,0.38671875,-0.021484375,-0.25
2.63800120354,0.38720703125,-0.03662109375,-0.2568359375
2.64438009262,0.38720703125,-0.03662109375,-0.2568359375
2.64984917641,0.38720703125,-0.03662109375,-0.2568359375
2.65487003326,0.38720703125,-0.03662109375,-0.2568359375
2.6608941555,0.38720703125,-0.03662109375,-0.2568359375
2.66672110558,0.38720703125,-0.03662109375,-0.2568359375
2.67175316811,0.38720703125,-0.03662109375,-0.2568359375
2.67776918411,0.38720703125,-0.03662109375,-0.2568359375
2.68274998665,0.38720703125,-0.03662109375,-0.2568359375
2.68873000145,0.38720703125,-0.03662109375,-0.2568359375
2.69470310211,0.38720703125,-0.03662109375,-0.2568359375
2.69964003563,0.38720703125,-0.03662109375,-0.2568359375
2.7056992054,0.38720703125,-0.03662109375,-0.2568359375
2.71058106422,0.38720703125,-0.03662109375,-0.2568359375
2.71658611298,0.39208984375,-0.009765625,-0.1884765625
2.72255015373,0.39208984375,-0.009765625,-0.1884765625
2.72755503654,0.39208984375,-0.009765625,-0.1884765625
2.73338603973,0.39208984375,-0.009765625,-0.1884765625
2.73948502541,0.39208984375,-0.009765625,-0.1884765625
2.74452900887,0.39208984375,-0.009765625,-0.1884765625
2.75033402443,0.39208984375,-0.009765625,-0.1884765625
2.75538015366,0.39208984375,-0.009765625,-0.1884765625
2.76139116287,0.39208984375,-0.009765625,-0.1884765625
2.7673971653,0.39208984375,-0.009765625,-0.1884765625
2.7722799778,0.39208984375,-0.009765625,-0.1884765625
2.77925014496,0.39208984375,-0.009765625,-0.1884765625
2.78421401978,0.39208984375,-0.009765625,-0.1884765625
2.79022407532,0.39208984375,-0.009765625,-0.1884765625
2.79627513885,0.244140625,-0.0234375,-0.380859375
2.80101704597,0.244140625,-0.0234375,-0.380859375
2.80701804161,0.244140625,-0.0234375,-0.380859375
2.81296014786,0.244140625,-0.0234375,-0.380859375
2.81801319122,0.244140625,-0.0234375,-0.380859375
2.82386016846,0.244140625,-0.0234375,-0.380859375
2.82892203331,0.244140625,-0.0234375,-0.380859375
2.83485913277,0.244140625,-0.0234375,-0.380859375
2.84082198143,0.244140625,-0.0234375,-0.380859375
2.84584999084,0.244140625,-0.0234375,-0.380859375
2.85172605515,0.244140625,-0.0234375,-0.380859375
2.85673904419,0.244140625,-0.0234375,-0.380859375
2.86274504662,0.244140625,-0.0234375,-0.380859375
2.86858606339,0.244140625,-0.0234375,-0.380859375
2.87362313271,0.12255859375,0.00146484375,-0.380859375
2.87962317467,0.12255859375,0.00146484375,-0.380859375
2.88462400436,0.12255859375,0.00146484375,-0.380859375
2.8905479908,0.12255859375,0.00146484375,-0.380859375
2.8964869976,0.12255859375,0.00146484375,-0.380859375
2.90147519112,0.12255859375,0.00146484375,-0.380859375
2.90747618675,0.12255859375,0.00146484375,-0.380859375
2.91344809532,0.12255859375,0.00146484375,-0.380859375
2.91836714745,0.12255859375,0.00146484375,-0.380859375
2.92435312271,0.12255859375,0.00146484375,-0.380859375
2.92936015129,0.12255859375,0.00146484375,-0.380859375
2.9353890419,0.12255859375,0.00146484375,-0.380859375
2.94223999977,0.12255859375,0.00146484375,-0.380859375
2.94726610184,0.12255859375,0.00146484375,-0.380859375
2.95326900482,0.10791015625,-0.03857421875,-0.380859375
2.95826101303,0.10791015625,-0.03857421875,-0.55615234375
2.96413803101,0.10791015625,-0.03857421875,-0.55615234375
2.97011899948,0.10791015625,-0.03857421875,-0.55615234375
2.97513604164,0.10791015625,-0.03857421875,-0.55615234375
2.98113298416,0.10791015625,-0.03857421875,-0.55615234375
2.98707318306,0.10791015625,-0.03857421875,-0.55615234375
2.99214220047,0.10791015625,-0.03857421875,-0.55615234375
2.99823403358,0.10791015625,-0.03857421875,-0.55615234375
3.00318217278,0.10791015625,-0.03857421875,-0.55615234375
3.00917005539,0.10791015625,-0.03857421875,-0.55615234375
3.01499915123,0.10791015625,-0.03857421875,-0.55615234375
3.02000999451,0.10791015625,-0.03857421875,-0.55615234375
3.02600598335,0.10791015625,-0.03857421875,-0.55615234375
3.0310690403,0.10791015625,-0.03857421875,-0.55615234375
3.03707814217,0.064453125,-0.03857421875,-0.48779296875
3.04308104515,0.064453125,-0.03857421875,-0.48779296875
3.04797005653,0.064453125,-0.03857421875,-0.48779296875
3.0538392067,0.064453125,-0.03857421875,-0.48779296875
3.0587580204,0.064453125,-0.03857421875,-0.48779296875
3.06471920013,0.064453125,-0.03857421875,-0.48779296875
3.07068514824,0.064453125,-0.03857421875,-0.48779296875
3.0756881237,0.064453125,-0.03857421875,-0.48779296875
3.08150315285,0.064453125,-0.03857421875,-0.48779296875
3.08747315407,0.064453125,-0.03857421875,-0.48779296875
3.0925321579,0.064453125,-0.03857421875,-0.48779296875
3.09850597382,0.064453125,-0.03857421875,-0.48779296875
3.1044921875,0.064453125,-0.03857421875,-0.48779296875
3.11039113998,0.064453125,-0.03857421875,-0.48779296875
3.11633610725,-0.0126953125,-0.02734375,-0.646484375
3.12135505676,-0.0126953125,-0.02734375,-0.646484375
3.1272611618,-0.0126953125,-0.02734375,-0.646484375
3.13222908974,-0.0126953125,-0.02734375,-0.646484375
3.13825798035,-0.0126953125,-0.02734375,-0.646484375
3.14423418045,-0.0126953125,-0.02734375,-0.646484375
3.14926505089,-0.0126953125,-0.02734375,-0.646484375
3.15513801575,-0.0126953125,-0.02734375,-0.646484375
3.16108107567,-0.0126953125,-0.02734375,-0.646484375
3.16618108749,-0.0126953125,-0.02734375,-0.646484375
3.17235398293,-0.0126953125,-0.02734375,-0.646484375
3.17716002464,-0.0126953125,-0.02734375,-0.646484375
3.18318200111,-0.0126953125,-0.02734375,-0.646484375
3.18915200233,-0.0126953125,-0.02734375,-0.646484375
3.19416904449,-0.03662109375,-0.017578125,-0.59814453125
3.19989919662,-0.03662109375,-0.017578125,-0.59814453125
3.20496320724,-0.03662109375,-0.017578125,-0.59814453125
3.21095299721,-0.03662109375,-0.017578125,-0.59814453125
3.21683001518,-0.03662109375,-0.017578125,-0.59814453125
3.22187018394,-0.03662109375,-0.017578125,-0.59814453125
3.2278740406,-0.03662109375,-0.017578125,-0.59814453125
3.23368406296,-0.03662109375,-0.017578125,-0.59814453125
3.23875617981,-0.03662109375,-0.017578125,-0.59814453125
3.24460220337,-0.03662109375,-0.017578125,-0.59814453125
3.24958920479,-0.03662109375,-0.017578125,-0.59814453125
3.25575113297,-0.03662109375,-0.017578125,-0.59814453125
3.26157999039,-0.03662109375,-0.017578125,-0.59814453125
3.26751208305,-0.03662109375,-0.017578125,-0.59814453125
3.27484917641,-0.00927734375,-0.00244140625,-0.54150390625
3.27849006653,-0.00927734375,-0.00244140625,-0.54150390625
3.28450012207,-0.00927734375,-0.00244140625,-0.54150390625
3.2903380394,-0.00927734375,-0.00244140625,-0.54150390625
3.29536819458,-0.00927734375,-0.00244140625,-0.54150390625
3.30135512352,-0.00927734375,-0.00244140625,-0.54150390625
3.30728912354,-0.00927734375,-0.00244140625,-0.54150390625
3.31231498718,-0.00927734375,-0.00244140625,-0.54150390625
3.31833720207,-0.00927734375,-0.00244140625,-0.54150390625
3.3232421875,-0.00927734375,-0.00244140625,-0.54150390625
3.32919311523,-0.00927734375,-0.00244140625,-0.54150390625
3.33517718315,-0.00927734375,-0.00244140625,-0.54150390625
3.34006500244,-0.00927734375,-0.00244140625,-0.54150390625
3.34608006477,-0.00927734375,-0.00244140625,-0.54150390625
3.35110497475,-0.0107421875,0.0234375,-0.54150390625
3.35710906982,-0.0107421875,0.0234375,-0.54150390625
3.36307120323,-0.0107421875,0.0234375,-0.54150390625
3.3680741787,-0.0107421875,0.0234375,-0.54150390625
3.37412214279,-0.0107421875,0.0234375,-0.54150390625
3.38027620316,-0.0107421875,0.0234375,-0.54150390625
3.38489818573,-0.0107421875,0.0234375,-0.54150390625
3.39086699486,-0.0107421875,0.0234375,-0.54150390625
3.3958940506,-0.0107421875,0.0234375,-0.54150390625
3.40188407898,-0.0107421875,0.0234375,-0.54150390625
3.40781402588,-0.0107421875,0.0234375,-0.54150390625
3.41289806366,-0.0107421875,0.0234375,-0.54150390625
3.41878008842,-0.0107421875,0.0234375,-0.54150390625
3.42386698723,-0.0107421875,0.0234375,-0.54150390625
3.43072009087,-0.0107421875,0.0234375,-0.54150390625
3.43670916557,-0.033203125,0.1103515625,-0.53857421875
3.44185304642,-0.033203125,0.1103515625,-0.53857421875
3.44772720337,-0.033203125,0.1103515625,-0.53857421875
3.453551054,-0.033203125,0.1103515625,-0.53857421875
3.45855998993,-0.033203125,0.1103515625,-0.53857421875
3.46460700035,-0.033203125,0.1103515625,-0.53857421875
3.46955299377,-0.033203125,0.1103515625,-0.53857421875
3.47549819946,-0.033203125,0.1103515625,-0.53857421875
3.48135614395,-0.033203125,0.1103515625,-0.53857421875
3.48640012741,-0.033203125,0.1103515625,-0.53857421875
3.49253702164,-0.033203125,0.1103515625,-0.53857421875
3.4975039959,-0.033203125,0.1103515625,-0.53857421875
3.50356817245,-0.033203125,0.1103515625,-0.53857421875
3.50938820839,-0.033203125,0.1103515625,-0.53857421875
3.51437115669,-0.0263671875,0.21337890625,-0.4765625
3.52017903328,-0.0263671875,0.21337890625,-0.4765625
3.52609610558,-0.0263671875,0.21337890625,-0.4765625
3.53127098083,-0.0263671875,0.21337890625,-0.4765625
3.53714513779,-0.0263671875,0.21337890625,-0.4765625
3.5421500206,-0.0263671875,0.21337890625,-0.4765625
3.54802298546,-0.0263671875,0.21337890625,-0.4765625
3.5539829731,-0.0263671875,0.21337890625,-0.4765625
3.55902504921,-0.0263671875,0.21337890625,-0.4765625
3.56518316269,-0.0263671875,0.21337890625,-0.4765625
3.57004618645,-0.0263671875,0.21337890625,-0.4765625
3.5758690834,-0.0263671875,0.21337890625,-0.4765625
3.58195710182,-0.0263671875,0.21337890625,-0.4765625
3.58697915077,-0.0263671875,0.21337890625,-0.4765625
3.59299707413,-0.0087890625,0.2333984375,-0.416015625
3.59979915619,-0.0087890625,0.2333984375,-0.416015625
3.60484409332,-0.0087890625,0.2333984375,-0.416015625
3.61087608337,-0.0087890625,0.2333984375,-0.416015625
3.61573219299,-0.0087890625,0.2333984375,-0.416015625
3.6217250824,-0.0087890625,0.2333984375,-0.416015625
3.62766909599,-0.0087890625,0.2333984375,-0.416015625
3.63287401199,-0.0087890625,0.2333984375,-0.416015625
3.6386179924,-0.0087890625,0.2333984375,-0.416015625
3.64362716675,-0.0087890625,0.2333984375,-0.416015625
3.64961504936,-0.0087890625,0.2333984375,-0.416015625
3.65557003021,-0.0087890625,0.2333984375,-0.416015625
3.66112112999,-0.0087890625,0.2333984375,-0.416015625
3.6665251255,-0.0087890625,0.2333984375,-0.416015625
3.67234301567,-0.01318359375,0.291015625,-0.390625
3.67739105225,-0.01318359375,0.291015625,-0.390625
3.68337607384,-0.01318359375,0.291015625,-0.390625
3.68833398819,-0.01318359375,0.291015625,-0.390625
3.69432210922,-0.01318359375,0.291015625,-0.390625
3.70022702217,-0.01318359375,0.291015625,-0.390625
3.70526099205,-0.01318359375,0.291015625,-0.390625
3.71125102043,-0.01318359375,0.291015625,-0.390625
3.71609997749,-0.01318359375,0.291015625,-0.390625
3.72213411331,-0.01318359375,0.291015625,-0.390625
3.7280960083,-0.01318359375,0.291015625,-0.390625
3.73309016228,-0.01318359375,0.291015625,-0.390625
3.73900699615,-0.01318359375,0.291015625,-0.390625
3.74496507645,-0.01318359375,0.291015625,-0.390625
3.75007414818,-0.01513671875,0.36328125,-0.32568359375
3.7560031414,-0.01513671875,0.36328125,-0.32568359375
3.76199817657,-0.01513671875,0.36328125,-0.32568359375
3.76797318459,-0.01513671875,0.36328125,-0.32568359375
3.77395510674,-0.01513671875,0.36328125,-0.32568359375
3.77894020081,-0.01513671875,0.36328125,-0.32568359375
3.78501105309,-0.01513671875,0.36328125,-0.32568359375
3.78986811638,-0.01513671875,0.36328125,-0.32568359375
3.79573011398,-0.01513671875,0.36328125,-0.32568359375
3.80172419548,-0.01513671875,0.36328125,-0.32568359375
3.80660200119,-0.01513671875,0.36328125,-0.32568359375
3.81262612343,-0.01513671875,0.36328125,-0.32568359375
3.81857800484,-0.01513671875,0.36328125,-0.32568359375
3.82360315323,-0.01513671875,0.36328125,-0.32568359375
3.82947707176,-0.01025390625,0.38330078125,-0.2568359375
3.83446097374,-0.01025390625,0.38330078125,-0.2568359375
3.84052300453,-0.01025390625,0.38330078125,-0.2568359375
3.84647011757,-0.01025390625,0.38330078125,-0.2568359375
3.85146617889,-0.01025390625,0.38330078125,-0.2568359375
3.85739612579,-0.01025390625,0.38330078125,-0.2568359375
3.86239719391,-0.01025390625,0.38330078125,-0.2568359375
3.86837506294,-0.01025390625,0.38330078125,-0.2568359375
3.87426018715,-0.01025390625,0.38330078125,-0.2568359375
3.8792681694,-0.01025390625,0.38330078125,-0.2568359375
3.88526511192,-0.01025390625,0.38330078125,-0.2568359375
3.89121007919,-0.01025390625,0.38330078125,-0.2568359375
3.89626002312,-0.01025390625,0.38330078125,-0.2568359375
3.90233111382,-0.01025390625,0.38330078125,-0.2568359375
3.90712213516,-0.01025390625,0.38330078125,-0.2568359375
3.91310620308,-0.01025390625,0.37841796875,-0.25927734375
3.91909313202,-0.01025390625,0.37841796875,-0.25927734375
3.92498016357,-0.01025390625,0.37841796875,-0.25927734375
3.93097901344,-0.01025390625,0.37841796875,-0.25927734375
3.93695402145,-0.01025390625,0.37841796875,-0.25927734375
3.94195699692,-0.01025390625,0.37841796875,-0.25927734375
3.94797897339,-0.01025390625,0.37841796875,-0.25927734375
3.95283818245,-0.01025390625,0.37841796875,-0.25927734375
3.95885109901,-0.01025390625,0.37841796875,-0.25927734375
3.9649040699,-0.01025390625,0.37841796875,-0.25927734375
3.96977305412,-0.01025390625,0.37841796875,-0.25927734375
3.97593712807,-0.01025390625,0.37841796875,-0.25927734375
3.98085999489,-0.01025390625,0.37841796875,-0.25927734375
3.98684811592,-0.01025390625,0.37841796875,-0.25927734375
3.99268102646,0.013671875,0.2998046875,-0.29638671875
3.99785804749,0.013671875,0.2998046875,-0.29638671875
4.00364112854,0.013671875,0.2998046875,-0.29638671875
4.0122961998,0.013671875,0.2998046875,-0.29638671875
4.01467418671,0.013671875,0.2998046875,-0.29638671875
4.02050614357,0.013671875,0.2998046875,-0.29638671875
4.02566504478,0.013671875,0.2998046875,-0.29638671875
4.03149199486,0.013671875,0.2998046875,-0.29638671875
4.03747105598,0.013671875,0.2998046875,-0.29638671875
4.04248213768,0.013671875,0.2998046875,-0.29638671875
4.04835700989,0.013671875,0.2998046875,-0.29638671875
4.05336713791,0.013671875,0.2998046875,-0.29638671875
4.05943799019,0.013671875,0.2998046875,-0.29638671875
4.06524705887,0.013671875,0.2998046875,-0.29638671875
4.07026100159,-0.00341796875,0.2294921875,-0.40771484375
4.07625818253,-0.00341796875,0.2294921875,-0.40771484375
4.08223509789,-0.00341796875,0.2294921875,-0.40771484375
4.08872318268,-0.00341796875,0.2294921875,-0.40771484375
4.09413218498,-0.00341796875,0.2294921875,-0.40771484375
4.09917402267,-0.00341796875,0.2294921875,-0.40771484375
4.10513401031,-0.00341796875,0.2294921875,-0.40771484375
4.1111330986,-0.00341796875,0.2294921875,-0.40771484375
4.11601018906,-0.00341796875,0.2294921875,-0.40771484375
4.12198519707,-0.00341796875,0.2294921875,-0.40771484375
4.12696504593,-0.00341796875,0.2294921875,-0.40771484375
4.13302016258,-0.00341796875,0.2294921875,-0.40771484375
4.13884305954,-0.00341796875,0.2294921875,-0.40771484375
4.14390707016,-0.00341796875,0.2294921875,-0.40771484375
4.15001702309,0.015625,0.13037109375,-0.4345703125
4.15582203865,0.015625,0.13037109375,-0.4345703125
4.16086602211,0.015625,0.13037109375,-0.4345703125
4.1668510437,0.015625,0.13037109375,-0.4345703125
4.17185497284,0.015625,0.13037109375,-0.4345703125
4.17773103714,0.015625,0.13037109375,-0.4345703125
4.18366312981,0.015625,0.13037109375,-0.4345703125
4.18860697746,0.015625,0.13037109375,-0.4345703125
4.19460105896,0.015625,0.13037109375,-0.4345703125
4.19959902763,0.015625,0.13037109375,-0.4345703125
4.2056851387,0.015625,0.13037109375,-0.4345703125
4.21175909042,0.015625,0.13037109375,-0.4345703125
4.21653914452,0.015625,0.13037109375,-0.4345703125
4.22250914574,0.015625,0.13037109375,-0.4345703125
4.22851419449,-0.02978515625,0.0556640625,-0.52783203125
4.23352718353,-0.02978515625,0.0556640625,-0.52783203125
4.24027204514,-0.02978515625,0.0556640625,-0.52783203125
4.2443959713,-0.02978515625,0.0556640625,-0.52783203125
4.25038504601,-0.02978515625,0.0556640625,-0.52783203125
4.25724506378,-0.02978515625,0.0556640625,-0.52783203125
4.26222920418,-0.02978515625,0.0556640625,-0.52783203125
4.26826310158,-0.02978515625,0.0556640625,-0.52783203125
4.27931308746,-0.02978515625,0.0556640625,-0.52783203125
4.27952218056,-0.02978515625,0.0556640625,-0.52783203125
4.28509497643,-0.02978515625,0.0556640625,-0.52783203125
4.29007911682,-0.02978515625,0.0556640625,-0.52783203125
4.29623103142,-0.02978515625,0.0556640625,-0.52783203125
4.3020939827,-0.02978515625,0.0556640625,-0.52783203125
4.30702710152,-0.0029296875,0.00048828125,-0.58642578125
4.31302309036,-0.0029296875,0.00048828125,-0.58642578125
4.31797599792,-0.0029296875,0.00048828125,-0.58642578125
4.32397508621,-0.0029296875,0.00048828125,-0.58642578125
4.32994103432,-0.0029296875,0.00048828125,-0.58642578125
4.33486199379,-0.0029296875,0.00048828125,-0.58642578125
4.34085202217,-0.0029296875,0.00048828125,-0.58642578125
4.34585213661,-0.0029296875,0.00048828125,-0.58642578125
4.35184597969,-0.0029296875,0.00048828125,-0.58642578125
4.35782814026,-0.0029296875,0.00048828125,-0.58642578125
4.36289310455,-0.0029296875,0.00048828125,-0.58642578125
4.36872601509,-0.0029296875,0.00048828125,-0.58642578125
4.37459897995,-0.0029296875,0.00048828125,-0.58642578125
4.37975907326,-0.0029296875,0.00048828125,-0.58642578125
4.38563513756,-0.0126953125,0.00048828125,-0.58642578125
4.39063215256,-0.0126953125,-0.03173828125,-0.580078125
4.39680600166,-0.0126953125,-0.03173828125,-0.580078125
4.40257620811,-0.0126953125,-0.03173828125,-0.580078125
4.4075961113,-0.0126953125,-0.03173828125,-0.580078125
4.41357707977,-0.0126953125,-0.03173828125,-0.580078125
4.42055511475,-0.0126953125,-0.03173828125,-0.580078125
4.42584109306,-0.0126953125,-0.03173828125,-0.580078125
4.43146920204,-0.0126953125,-0.03173828125,-0.580078125
4.43645811081,-0.0126953125,-0.03173828125,-0.580078125
4.44247412682,-0.0126953125,-0.03173828125,-0.580078125
4.44831109047,-0.0126953125,-0.03173828125,-0.580078125
4.45331811905,-0.0126953125,-0.03173828125,-0.580078125
4.45934200287,-0.0126953125,-0.03173828125,-0.580078125
4.46474003792,-0.0126953125,-0.03173828125,-0.580078125
4.47030806541,-0.0126953125,-0.04931640625,-0.53662109375
4.47619915009,-0.0126953125,-0.04931640625,-0.53662109375
4.48119616508,-0.0126953125,-0.04931640625,-0.53662109375
4.48712897301,-0.0126953125,-0.04931640625,-0.53662109375
4.49305105209,-0.0126953125,-0.04931640625,-0.53662109375
4.4981071949,-0.0126953125,-0.04931640625,-0.53662109375
4.50398397446,-0.0126953125,-0.04931640625,-0.53662109375
4.50898098946,-0.0126953125,-0.04931640625,-0.53662109375
4.51497411728,-0.0126953125,-0.04931640625,-0.53662109375
4.52081418037,-0.0126953125,-0.04931640625,-0.53662109375
4.52586698532,-0.0126953125,-0.04931640625,-0.53662109375
4.5318582058,-0.0126953125,-0.04931640625,-0.53662109375
4.53686308861,-0.0126953125,-0.04931640625,-0.53662109375
4.54284310341,-0.0126953125,-0.04931640625,-0.53662109375
4.54884004593,-0.0146484375,-0.04345703125,-0.525390625
4.55387306213,-0.0146484375,-0.04345703125,-0.525390625
4.55979299545,-0.0146484375,-0.04345703125,-0.525390625
4.56567811966,-0.0146484375,-0.04345703125,-0.525390625
4.57072114944,-0.0146484375,-0.04345703125,-0.525390625
4.57660508156,-0.0146484375,-0.04345703125,-0.525390625
4.58260416985,-0.0146484375,-0.04345703125,-0.525390625
4.58859610558,-0.0146484375,-0.04345703125,-0.525390625
4.5946149826,-0.0146484375,-0.04345703125,-0.525390625
4.59947919846,-0.0146484375,-0.04345703125,-0.525390625
4.60546517372,-0.0146484375,-0.04345703125,-0.525390625
4.61160302162,-0.0146484375,-0.04345703125,-0.525390625
4.61662912369,-0.0146484375,-0.04345703125,-0.525390625
4.6224501133,-0.0146484375,-0.04345703125,-0.525390625
4.62743997574,-0.0048828125,-0.0166015625,-0.509765625
4.6334900856,-0.0048828125,-0.0166015625,-0.509765625
4.6407430172,-0.0048828125,-0.0166015625,-0.509765625
4.64437317848,-0.0048828125,-0.0166015625,-0.509765625
4.6502430439,-0.0048828125,-0.0166015625,-0.509765625
4.65528011322,-0.0048828125,-0.0166015625,-0.509765625
4.66123819351,-0.0048828125,-0.0166015625,-0.509765625
4.66705298424,-0.0048828125,-0.0166015625,-0.509765625
4.67209005356,-0.0048828125,-0.0166015625,-0.509765625
4.67809414864,-0.0048828125,-0.0166015625,-0.509765625
4.68402910233,-0.0048828125,-0.0166015625,-0.509765625
4.68911004066,-0.0048828125,-0.0166015625,-0.509765625
4.69498419762,-0.0048828125,-0.0166015625,-0.509765625
4.70007014275,-0.0048828125,-0.0166015625,-0.509765625
4.70617198944,-0.0048828125,-0.00537109375,-0.5009765625
4.711977005,-0.0048828125,-0.00537109375,-0.5009765625
4.71696615219,-0.0048828125,-0.00537109375,-0.5009765625
4.72301006317,-0.0048828125,-0.00537109375,-0.5009765625
4.72790002823,-0.0048828125,-0.00537109375,-0.5009765625
4.73399019241,-0.0048828125,-0.00537109375,-0.5009765625
4.73993301392,-0.0048828125,-0.00537109375,-0.5009765625
4.74595308304,-0.0048828125,-0.00537109375,-0.5009765625
4.75183820724,-0.0048828125,-0.00537109375,-0.5009765625
4.757791996,-0.0048828125,-0.00537109375,-0.5009765625
4.76300120354,-0.0048828125,-0.00537109375,-0.5009765625
4.76870417595,-0.0048828125,-0.00537109375,-0.5009765625
4.77364611626,-0.0048828125,-0.00537109375,-0.5009765625
4.77971506119,-0.0048828125,-0.00537109375,-0.5009765625
4.78554201126,-0.00146484375,-0.0078125,-0.5087890625
4.79053902626,-0.00146484375,-0.0078125,-0.5087890625
4.79659318924,-0.00146484375,-0.0078125,-0.5087890625
4.80246210098,-0.00146484375,-0.0078125,-0.5087890625
4.80756807327,-0.00146484375,-0.0078125,-0.5087890625
4.81332707405,-0.00146484375,-0.0078125,-0.5087890625
4.81835818291,-0.00146484375,-0.0078125,-0.5087890625
4.82436609268,-0.00146484375,-0.0078125,-0.5087890625
4.8303091526,-0.00146484375,-0.0078125,-0.5087890625
4.83521509171,-0.00146484375,-0.0078125,-0.5087890625
4.84122800827,-0.00146484375,-0.0078125,-0.5087890625
4.84624099731,-0.00146484375,-0.0078125,-0.5087890625
4.85251903534,-0.00146484375,-0.0078125,-0.5087890625
4.85806703568,-0.00146484375,-0.0078125,-0.5087890625
4.86307907104,-0.00244140625,-0.0078125,-0.5087890625
4.86908197403,-0.00244140625,-0.0078125,-0.5126953125
4.87504005432,-0.00244140625,-0.0078125,-0.5126953125
4.87991499901,-0.00244140625,-0.0078125,-0.5126953125
4.88597106934,-0.00244140625,-0.0078125,-0.5126953125
4.89093899727,-0.00244140625,-0.0078125,-0.5126953125
4.89693903923,-0.00244140625,-0.0078125,-0.5126953125
4.9028031826,-0.00244140625,-0.0078125,-0.5126953125
4.90794706345,-0.00244140625,-0.0078125,-0.5126953125
4.91490101814,-0.00244140625,-0.0078125,-0.5126953125
4.92080116272,-0.00244140625,-0.0078125,-0.5126953125
4.92584514618,-0.00244140625,-0.0078125,-0.5126953125
4.93181920052,-0.00244140625,-0.0078125,-0.5126953125
4.93670415878,-0.00244140625,-0.0078125,-0.5126953125
4.94272112846,-0.00244140625,-0.0078125,-0.5126953125
4.94868016243,-0.00244140625,-0.01025390625,-0.51611328125
4.95358419418,-0.00244140625,-0.01025390625,-0.51611328125
4.95957899094,-0.00244140625,-0.01025390625,-0.51611328125
4.96459412575,-0.00244140625,-0.01025390625,-0.51611328125
4.97059798241,-0.00244140625,-0.01025390625,-0.51611328125
4.97653317451,-0.00244140625,-0.01025390625,-0.51611328125
4.98146915436,-0.00244140625,-0.01025390625,-0.51611328125
4.98747301102,-0.00244140625,-0.01025390625,-0.51611328125
4.99342298508,-0.00244140625,-0.01025390625,-0.51611328125
4.99834299088,-0.00244140625,-0.01025390625,-0.51611328125
5.00434303284,-0.00244140625,-0.01025390625,-0.51611328125
5.00935316086,-0.00244140625,-0.01025390625,-0.51611328125
5.01535010338,-0.00244140625,-0.01025390625,-0.51611328125
5.0213060379,-0.00244140625,-0.01025390625,-0.51611328125
5.02621817589,-0.00244140625,-0.01220703125,-0.5078125
5.03221917152,-0.00244140625,-0.01220703125,-0.5078125
5.03723120689,-0.00244140625,-0.01220703125,-0.5078125
5.04321098328,-0.00244140625,-0.01220703125,-0.5078125
5.04907512665,-0.00244140625,-0.01220703125,-0.5078125
5.05409407616,-0.00244140625,-0.01220703125,-0.5078125
5.06008601189,-0.00244140625,-0.01220703125,-0.5078125
5.06603503227,-0.00244140625,-0.01220703125,-0.5078125
5.07096409798,-0.00244140625,-0.01220703125,-0.5078125
5.07793998718,-0.00244140625,-0.01220703125,-0.5078125
5.08293509483,-0.00244140625,-0.01220703125,-0.5078125
5.08893918991,-0.00244140625,-0.01220703125,-0.5078125
5.09480714798,-0.00244140625,-0.01220703125,-0.5078125
5.09985804558,-0.00244140625,-0.01220703125,-0.5078125
5.10583019257,0.00390625,-0.0048828125,-0.5126953125
5.11179709435,0.00390625,-0.0048828125,-0.5126953125
5.11689519882,0.00390625,-0.0048828125,-0.5126953125
5.12286806107,0.00390625,-0.0048828125,-0.5126953125
5.12778401375,0.00390625,-0.0048828125,-0.5126953125
5.13373017311,0.00390625,-0.0048828125,-0.5126953125
5.1396791935,0.00390625,-0.0048828125,-0.5126953125
5.14460110664,0.00390625,-0.0048828125,-0.5126953125
5.15059113503,0.00390625,-0.0048828125,-0.5126953125
5.15557217598,0.00390625,-0.0048828125,-0.5126953125
5.16160917282,0.00390625,-0.0048828125,-0.5126953125
5.16744709015,0.00390625,-0.0048828125,-0.5126953125
5.17262411118,0.00390625,-0.0048828125,-0.5126953125
5.1785531044,0.00390625,-0.0048828125,-0.5126953125
5.18441510201,0.00732421875,-0.00537109375,-0.50341796875
5.18955397606,0.00732421875,-0.00537109375,-0.50341796875
5.19535517693,0.00732421875,-0.00537109375,-0.50341796875
5.20034909248,0.00732421875,-0.00537109375,-0.50341796875
5.20635509491,0.00732421875,-0.00537109375,-0.50341796875
5.2123041153,0.00732421875,-0.00537109375,-0.50341796875
5.21727514267,0.00732421875,-0.00537109375,-0.50341796875
5.22354006767,0.00732421875,-0.00537109375,-0.50341796875
5.22827410698,0.00732421875,-0.00537109375,-0.50341796875
5.23429918289,0.00732421875,-0.00537109375,-0.50341796875
5.24112415314,0.00732421875,-0.00537109375,-0.50341796875
5.24612498283,0.00732421875,-0.00537109375,-0.50341796875
5.25211119652,0.00732421875,-0.00537109375,-0.50341796875
5.25816917419,0.00732421875,-0.00537109375,-0.50341796875
5.2630751133,0.00048828125,-0.01513671875,-0.5087890625
5.26912307739,0.00048828125,-0.01513671875,-0.5087890625
5.27782797813,0.00048828125,-0.01513671875,-0.5087890625
5.28009104729,0.00048828125,-0.01513671875,-0.5087890625
5.28690314293,0.00048828125,-0.01513671875,-0.5087890625
5.29087209702,0.00048828125,-0.01513671875,-0.5087890625
5.2968480587,0.00048828125,-0.01513671875,-0.5087890625
5.30282211304,0.00048828125,-0.01513671875,-0.5087890625
5.30783605576,0.00048828125,-0.01513671875,-0.5087890625
5.31406116486,0.00048828125,-0.01513671875,-0.5087890625
5.3187251091,0.00048828125,-0.01513671875,-0.5087890625
5.32472014427,0.00048828125,-0.01513671875,-0.5087890625
5.33059501648,0.00048828125,-0.01513671875,-0.5087890625
5.33561897278,0.00048828125,-0.01513671875,-0.5087890625
5.34161806107,-0.001953125,-0.01025390625,-0.5087890625
5.34757804871,-0.001953125,-0.01025390625,-0.51318359375
5.35261106491,-0.001953125,-0.01025390625,-0.51318359375
5.35848999023,-0.001953125,-0.01025390625,-0.51318359375
5.36349511147,-0.001953125,-0.01025390625,-0.51318359375
5.36948609352,-0.001953125,-0.01025390625,-0.51318359375
5.37556314468,-0.001953125,-0.01025390625,-0.51318359375
5.38036704063,-0.001953125,-0.01025390625,-0.51318359375
5.38634800911,-0.001953125,-0.01025390625,-0.51318359375
5.39134311676,-0.001953125,-0.01025390625,-0.51318359375
5.39734601974,-0.001953125,-0.01025390625,-0.51318359375
5.40425300598,-0.001953125,-0.01025390625,-0.51318359375
5.40923118591,-0.001953125,-0.01025390625,-0.51318359375
5.41524505615,-0.001953125,-0.01025390625,-0.51318359375
5.42121505737,0.001953125,-0.01025390625,-0.51318359375
5.42611312866,0.001953125,-0.0078125,-0.51025390625
5.43210601807,0.001953125,-0.0078125,-0.51025390625
5.43713903427,0.001953125,-0.0078125,-0.51025390625
5.44309711456,0.001953125,-0.0078125,-0.51025390625
5.44894909859,0.001953125,-0.0078125,-0.51025390625
5.45399999619,0.001953125,-0.0078125,-0.51025390625
5.45996809006,0.001953125,-0.0078125,-0.51025390625
5.4668211937,0.001953125,-0.0078125,-0.51025390625
5.47097802162,0.001953125,-0.0078125,-0.51025390625
5.47683811188,0.001953125,-0.0078125,-0.51025390625
5.48191308975,0.001953125,-0.0078125,-0.51025390625
5.48788404465,0.001953125,-0.0078125,-0.51025390625
5.49385714531,0.001953125,-0.0078125,-0.51025390625
5.49911499023,0.001953125,-0.0078125,-0.51025390625
5.50489616394,-0.00048828125,-0.01611328125,-0.5283203125
5.51071000099,-0.00048828125,-0.01611328125,-0.5283203125
5.51575112343,-0.00048828125,-0.01611328125,-0.5283203125
5.5216281414,-0.00048828125,-0.01611328125,-0.5283203125
5.52664017677,-0.00048828125,-0.01611328125,-0.5283203125
5.5326590538,-0.00048828125,-0.01611328125,-0.5283203125
5.53860616684,-0.00048828125,-0.01611328125,-0.5283203125
5.54351210594,-0.00048828125,-0.01611328125,-0.5283203125
5.54949212074,-0.00048828125,-0.01611328125,-0.5283203125
5.55449819565,-0.00048828125,-0.01611328125,-0.5283203125
5.56071400642,-0.00048828125,-0.01611328125,-0.5283203125
5.56648612022,-0.00048828125,-0.01611328125,-0.5283203125
5.57254219055,-0.00048828125,-0.01611328125,-0.5283203125
5.57836604118,-0.00048828125,-0.01611328125,-0.5283203125
5.58430719376,0.00146484375,-0.01171875,-0.509765625
5.58935713768,0.00146484375,-0.01171875,-0.509765625
5.59524416924,0.00146484375,-0.01171875,-0.509765625
5.60024213791,0.00146484375,-0.01171875,-0.509765625
5.60624718666,0.00146484375,-0.01171875,-0.509765625
5.61221909523,0.00146484375,-0.01171875,-0.509765625
5.6171271801,0.00146484375,-0.01171875,-0.509765625
