time,x,y,z
0.00593996047974,112,64864,16416
0.0118250846863,112,64864,16416
0.016811132431,112,64864,16416
0.0227911472321,112,64864,16416
0.0291550159454,240,65232,16416
0.0346369743347,240,65232,16688
0.0396831035614,240,65232,16688
0.0457079410553,240,65232,16688
0.0516400337219,240,65232,16688
0.0575611591339,240,65232,16688
0.0634880065918,240,65232,16688
0.0694530010223,240,65232,16688
0.0744731426239,240,65232,16688
0.080353975296,240,65232,16688
0.0863289833069,240,65232,16688
0.0916590690613,240,65232,16688
0.0973560810089,240,65232,16688
0.103327035904,240,65232,16688
0.109266042709,208,65312,16608
0.114305973053,208,65312,16608
0.120322942734,208,65312,16608
0.12620306015,208,65312,16608
0.131186008453,208,65312,16608
0.137185096741,208,65312,16608
0.143138170242,208,65312,16608
0.148223161697,208,65312,16608
0.154078960419,208,65312,16608
0.159917116165,208,65312,16608
0.164932966232,208,65312,16608
0.170946121216,208,65312,16608
0.176809072495,208,65312,16608
0.18180513382,208,65312,16608
0.187832117081,176,65312,17216
0.193838119507,176,65312,17216
0.19966506958,176,65312,17216
0.204715013504,176,65312,17216
0.210729122162,176,65312,17216
0.216689109802,176,65312,17216
0.222614049911,176,65312,17216
0.228595972061,176,65312,17216
0.23473405838,176,65312,17216
0.23973608017,176,65312,17216
0.246106147766,176,65312,17216
0.251522064209,176,65312,17216
0.256423950195,176,65312,17216
0.262468099594,176,65312,17216
0.268491029739,192,65360,16608
0.27426815033,192,65360,16608
0.279407024384,192,65360,16608
0.285367965698,192,65360,16608
0.291219949722,192,65360,16608
0.296236038208,192,65360,16608
0.302210092545,192,65360,16608
0.308238983154,192,65360,16608
0.313122987747,192,65360,16608
0.31911611557,192,65360,16608
0.325109004974,192,65360,16608
0.33012008667,192,65360,16608
0.336166143417,192,65360,16608
0.342152118683,192,65360,16608
0.347115039825,96,65216,16400
0.353006124496,96,65216,16400
0.358976125717,96,65216,16400
0.36479306221,96,65216,16400
0.369927167892,96,65216,16400
0.376048088074,96,65216,16400
0.381889104843,96,65216,16400
0.387827157974,96,65216,16400
0.393836021423,96,65216,16400
0.400022983551,96,65216,16400
0.40485906601,96,65216,16400
0.410911083221,96,65216,16400
0.416715145111,96,65216,16400
0.421856164932,96,65216,16400
0.427670001984,160,65088,16576
0.433803081512,160,65088,16576
0.439548015594,160,65088,16576
0.444607019424,160,65088,16576
0.450592041016,160,65088,16576
0.45658993721,160,65088,16576
0.461658000946,160,65088,16576
0.46747803688,160,65088,16576
0.473453044891,160,65088,16576
0.478518009186,160,65088,16576
0.484465122223,160,65088,16576
0.490299940109,160,65088,16576
0.495357990265,160,65088,16576
0.501314163208,160,65088,16576
0.507310152054,240,65152,16960
0.51219701767,240,65152,16960
0.518196105957,240,65152,16960
0.524430036545,240,65152,16960
0.530137062073,240,65152,16960
0.535182952881,240,65152,16960
0.541078090668,240,65152,16960
0.547039985657,240,65152,16960
0.554409980774,240,65152,16960
0.559005975723,240,65152,16960
0.564947128296,240,65152,16960
0.569934129715,240,65152,16960
0.575929164886,240,65152,16960
0.581886053085,240,65152,16960
0.587782144547,304,65440,16800
0.592803955078,304,65440,16800
0.598808050156,304,65440,16800
0.604757070541,304,65440,16800
0.609683990479,304,65440,16800
0.615836143494,304,65440,16800
0.621662139893,304,65440,16800
0.62667798996,304,65440,16800
0.632562160492,304,65440,16800
0.638570070267,304,65440,16800
0.643572092056,304,65440,16800
0.649474143982,304,65440,16800
0.65535402298,304,65440,16800
0.660439968109,304,65440,16800
0.666418075562,160,65488,16592
0.672443151474,160,65488,16592
0.678308963776,160,65488,16592
0.683226108551,160,65488,16592
0.689407110214,160,65488,16592
0.695255994797,160,65488,16592
0.70019698143,160,65488,16592
0.706254005432,160,65488,16592
0.712164163589,160,65488,16592
0.717184066772,160,65488,16592
0.724233150482,160,65488,16592
0.730078935623,160,65488,16592
0.735108137131,160,65488,16592
0.741148948669,160,65488,16592
0.747065067291,160,65520,16368
0.752848148346,160,65520,16368
0.757962942123,160,65520,16368
0.763937950134,160,65520,16368
0.770159006119,160,65520,16368
0.774943113327,160,65520,16368
0.780811071396,160,65520,16368
0.786784172058,160,65520,16368
0.791805028915,160,65520,16368
0.797569990158,160,65520,16368
0.803694009781,160,65520,16368
0.808683156967,160,65520,16368
0.814682006836,160,65520,16368
0.820680141449,160,65520,16368
0.825554132462,160,368,16624
0.831753015518,160,368,16624
0.837564945221,160,368,16624
0.843507051468,160,368,16624
0.848438978195,160,368,16624
0.854454040527,160,368,16624
0.860351085663,160,368,16624
0.865350008011,160,368,16624
0.871196985245,160,368,16624
0.877180099487,160,368,16624
0.882192134857,160,368,16624
0.889183044434,160,368,16624
0.89509510994,160,368,16624
0.900074005127,384,1088,16624
0.906100034714,384,1088,16720
0.91224694252,384,1088,16720
0.918180942535,384,1088,16720
0.923365116119,384,1088,16720
0.929087162018,384,1088,16720
0.934937953949,384,1088,16720
0.939960956573,384,1088,16720
0.945979118347,384,1088,16720
0.951895952225,384,1088,16720
0.957031011581,384,1088,16720
0.962936162949,384,1088,16720
0.968798160553,384,1088,16720
0.973847150803,384,1088,16720
0.979804992676,432,2960,16720
0.985960006714,432,2960,16848
0.990822076797,432,2960,16848
0.996700048447,432,2960,16848
1.00268507004,432,2960,16848
1.00863003731,432,2960,16848
1.01368093491,432,2960,16848
1.01959395409,432,2960,16848
1.02553796768,432,2960,16848
1.03055810928,432,2960,16848
1.03655195236,432,2960,16848
1.04242300987,432,2960,16848
1.04746413231,432,2960,16848
1.05445599556,432,2960,16848
1.06042909622,65264,3872,18592
1.06627297401,65264,3872,18592
1.07131004333,65264,3872,18592
1.0775411129,65264,3872,18592
1.08320903778,65264,3872,18592
1.0881819725,65264,3872,18592
1.09409308434,65264,3872,18592
1.10018110275,65264,3872,18592
1.10509705544,65264,3872,18592
1.11123108864,65264,3872,18592
1.11716008186,65264,3872,18592
1.12205195427,65264,3872,18592
1.12805604935,65264,3872,18592
1.13390398026,65264,3872,18592
1.1391620636,64,128,22608
1.14492297173,64,128,22608
1.15080213547,64,128,22608
1.15664601326,64,128,22608
1.161673069,64,128,22608
1.16790604591,64,128,22608
1.17365813255,64,128,22608
1.17867803574,64,128,22608
1.18456697464,64,128,22608
1.19053697586,64,128,22608
1.19557213783,64,128,22608
1.20213603973,64,128,22608
1.20756196976,64,128,22608
1.21248602867,64,128,22608
1.21948313713,65232,62928,22160
1.22553300858,65232,62928,22160
1.23134016991,65232,62928,22160
1.2363960743,65232,62928,22160
1.24238300323,65232,62928,22160
1.24832201004,65232,62928,22160
1.25323200226,65232,62928,22160
1.2592420578,65232,62928,22160
1.26521015167,65232,62928,22160
1.27022814751,65232,62928,22160
1.27620196342,65232,62928,22160
1.28221106529,65232,62928,22160
1.28715705872,65232,62928,22160
1.29324007034,65232,62928,22160
1.29918909073,1408,61648,19568
1.30412912369,1408,61648,19568
1.31006407738,1408,61648,19568
1.31604194641,1408,61648,19568
1.32208299637,1408,61648,19568
1.3269200325,1408,61648,19568
1.33292293549,1408,61648,19568
1.33890604973,1408,61648,19568
1.34391403198,1408,61648,19568
1.34988594055,1408,61648,19568
1.35582304001,1408,61648,19568
1.36083698273,1408,61648,19568
1.36671614647,1408,61648,19568
1.37270998955,1408,61648,19568
1.37769293785,224,61200,18240
1.38366007805,224,61200,18240
1.39071798325,224,61200,18240
1.39650416374,224,61200,18240
1.4015750885,224,61200,18240
1.40755414963,224,61200,18240
1.41353607178,224,61200,18240
1.41847515106,224,61200,18240
1.42444205284,224,61200,18240
1.43043112755,224,61200,18240
1.43542909622,224,61200,18240
1.44142508507,224,61200,18240
1.44753098488,224,61200,18240
1.45325493813,224,61200,18240
1.45830202103,65312,61760,15248
1.46430206299,65312,61760,15248
1.47012209892,65312,61760,15248
1.47517108917,65312,61760,15248
1.48119211197,65312,61760,15248
1.48715806007,65312,61760,15248
1.49217605591,65312,61760,15248
1.49817800522,65312,61760,15248
1.50404596329,65312,61760,15248
1.50946712494,65312,61760,15248
1.51499795914,65312,61760,15248
1.52096199989,65312,61760,15248
1.52594614029,65312,61760,15248
1.53191614151,65312,61760,15248
1.5383040905,62736,64768,13792
1.54374098778,62736,64768,13792
1.54885411263,62736,64768,13792
1.55591797829,62736,64768,13792
1.5617620945,62736,64768,13792
1.5665640831,62736,64768,13792
1.57275795937,62736,64768,13792
1.57874107361,62736,64768,13792
1.58373498917,62736,64768,13792
1.58960604668,62736,64768,13792
1.59561109543,62736,64768,13792
1.60165309906,62736,64768,13792
1.60660600662,62736,64768,13792
1.61260795593,62736,64768,13792
1.61842703819,64544,64864,13376
1.62347316742,64544,64864,13376
1.62943005562,64544,64864,13376
1.63546895981,64544,64864,13376
1.64034509659,64544,64864,13376
1.64635300636,64544,64864,13376
1.65234994888,64544,64864,13376
1.65735912323,64544,64864,13376
1.66337704659,64544,64864,13376
1.66923594475,64544,64864,13376
1.67423510551,64544,64864,13376
1.68023204803,64544,64864,13376
1.68623304367,64544,64864,13376
1.69118404388,64544,64864,13376
1.69713711739,65520,224,12544
1.70310497284,65520,224,12544
1.70905900002,65520,224,12544
1.71400213242,65520,224,12544
1.72098302841,65520,224,12544
1.72697997093,65520,224,12544
1.73201203346,65520,224,12544
1.7378590107,65520,224,12544
1.74385809898,65520,224,12544
1.74980401993,65520,224,12544
1.7550110817,65520,224,12544
1.76072907448,65520,224,12544
1.76670694351,65520,224,12544
1.77183294296,65520,224,12544
1.777780056,320,1440,12816
1.78347206116,320,1440,12816
1.78862094879,320,1440,12816
1.79460811615,320,1440,12816
1.80059814453,320,1440,12816
1.80549001694,320,1440,12816
1.81148695946,320,1440,12816
1.81756305695,320,1440,12816
1.82330203056,320,1440,12816
1.82821893692,320,1440,12816
1.834223032,320,1440,12816
1.84018707275,320,1440,12816
1.84534311295,320,1440,12816
1.85131216049,320,1440,12816
1.85716199875,800,624,13200
1.86216115952,800,624,13200
1.86818194389,800,624,13200
1.874158144,800,624,13200
1.87927508354,800,624,13200
1.88606715202,800,624,13200
1.89203000069,800,624,13200
1.89789295197,800,624,13200
1.90290808678,800,624,13200
1.90888500214,800,624,13200
1.91481804848,800,624,13200
1.91981196404,800,624,13200
1.92568993568,800,624,13200
1.93168115616,336,624,13200
1.93668293953,336,624,14192
1.94270610809,336,624,14192
1.94856500626,336,624,14192
1.9536049366,336,624,14192
1.95975804329,336,624,14192
1.96569705009,336,624,14192
1.97139000893,336,624,14192
1.97641611099,336,624,14192
1.98242807388,336,624,14192
1.98842096329,336,624,14192
1.99347615242,336,624,14192
1.99965715408,336,624,14192
2.0053319931,336,624,14192
2.01036810875,65472,624,14192
2.01634597778,65472,2592,14688
2.02222704887,65472,2592,14688
2.02722716331,65472,2592,14688
2.03323316574,65472,2592,14688
2.03928208351,65472,2592,14688
2.04509401321,65472,2592,14688
2.05111312866,65472,2592,14688
2.05713415146,65472,2592,14688
2.06312298775,65472,2592,14688
2.06815004349,65472,2592,14688
2.07398509979,65472,2592,14688
2.0800011158,65472,2592,14688
2.08501911163,65472,2592,14688
2.09114003181,384,3504,14240
2.09687900543,384,3504,14240
2.10276508331,384,3504,14240
2.10781598091,384,3504,14240
2.11370301247,384,3504,14240
2.1196911335,384,3504,14240
2.12472701073,384,3504,14240
2.13072109222,384,3504,14240
2.13657212257,384,3504,14240
2.14160013199,384,3504,14240
2.14759707451,384,3504,14240
2.15378308296,384,3504,14240
2.15860009193,384,3504,14240
2.16448116302,384,3504,14240
2.17047309875,688,4080,14240
2.17641615868,688,4080,14240
2.1814801693,688,4080,14240
2.18735098839,688,4080,14240
2.19330501556,688,4080,14240
2.19835114479,688,4080,14240
2.20434808731,688,4080,14240
2.21019506454,688,4080,14240
2.21531295776,688,4080,14240
2.22222995758,688,4080,14240
2.22823405266,688,4080,14240
2.23414301872,688,4080,14240
2.23912811279,688,4080,14240
2.24541902542,688,4080,14240
2.25104498863,304,5552,17760
2.25609612465,304,5552,17760
2.26209712029,304,5552,17760
2.26795816422,304,5552,17760
2.27296996117,304,5552,17760
2.27884697914,304,5552,17760
2.28483104706,304,5552,17760
2.28983211517,304,5552,17760
2.2958509922,304,5552,17760
2.30184006691,304,5552,17760
2.30779600143,304,5552,17760
2.31272602081,304,5552,17760
2.31872797012,304,5552,17760
2.32452011108,304,5552,17760
2.32956910133,704,3728,21088
2.33557915688,704,3728,21088
2.34152007103,704,3728,21088
2.34657716751,704,3728,21088
2.35246515274,704,3728,21088
2.35844397545,704,3728,21088
2.36343407631,704,3728,21088
2.36950302124,704,3728,21088
2.37534093857,704,3728,21088
2.38125705719,704,3728,21088
2.38734412193,704,3728,21088
2.3933391571,704,3728,21088
2.39943695068,704,3728,21088
2.40421009064,704,3728,21088
2.41020512581,64448,2672,19008
2.4161760807,64448,2672,19008
2.42108011246,64448,2672,19008
2.42707300186,64448,2672,19008
2.43310213089,64448,2672,19008
2.43809199333,64448,2672,19008
2.4440779686,64448,2672,19008
2.45008707047,64448,2672,19008
2.45589613914,64448,2672,19008
2.46128296852,64448,2672,19008
2.46695399284,64448,2672,19008
2.47278904915,64448,2672,19008
2.47781705856,64448,2672,19008
2.48381114006,64448,2672,19008
2.48981499672,64304,80,17328
2.49468398094,64304,80,17328
2.50072598457,64304,80,17328
2.50671100616,64304,80,17328
2.51169395447,64304,80,17328
2.51758599281,64304,80,17328
2.52366805077,64304,80,17328
2.52951598167,64304,80,17328
2.53457212448,64304,80,17328
2.54046010971,64304,80,17328
2.54640603065,64304,80,17328
2.55245900154,64304,80,17328
2.5584499836,64304,80,17328
2.56431794167,64304,80,17328
2.56933116913,112,65008,19520
2.57532095909,112,65008,19520
2.58130407333,112,65008,19520
2.58712601662,112,65008,19520
2.59222197533,112,65008,19520
2.5982260704,112,65008,19520
2.60417294502,112,65008,19520
2.60922503471,112,65008,19520
2.61546707153,112,65008,19520
2.62103414536,112,65008,19520
2.6260831356,112,65008,19520
2.63208198547,112,65008,19520
2.6380610466,112,65008,19520
2.64295315742,112,65008,19520
2.64896011353,176,63792,18048
2.65495109558,176,63792,18048
2.66078901291,176,63792,18048
2.66583514214,176,63792,18048
2.67183709145,176,63792,18048
2.67781996727,176,63792,18048
2.68272304535,176,63792,18048
2.68871498108,176,63792,18048
2.69467806816,176,63792,18048
2.6997089386,176,63792,18048
2.70557498932,176,63792,18048
2.71156597137,176,63792,18048
2.71758913994,176,63792,18048
2.72360610962,176,63792,18048
2.72959494591,336,64864,16720
2.73539996147,336,64864,16720
2.74051713943,336,64864,16720
2.74647212029,336,64864,16720
2.75243401527,336,64864,16720
2.75733995438,336,64864,16720
2.76333808899,336,64864,16720
2.76949000359,336,64864,16720
2.7743370533,336,64864,16720
2.78022098541,336,64864,16720
2.78621602058,336,64864,16720
2.79119896889,336,64864,16720
2.79723405838,336,64864,16720
2.8030769825,336,64864,16720
2.80903911591,736,65440,16816
2.81408596039,736,65440,16816
2.82007598877,736,65440,16816
2.82604598999,736,65440,16816
2.83139610291,736,65440,16816
2.83695316315,736,65440,16816
2.84294009209,736,65440,16816
2.84796404839,736,65440,16816
2.8538441658,736,65440,16816
2.8598279953,736,65440,16816
2.86482405663,736,65440,16816
2.87070703506,736,65440,16816
2.87671303749,736,65440,16816
2.88267302513,736,65440,16816
2.88870596886,1040,656,16928
2.89470410347,1040,656,16928
2.90057110786,1040,656,16928
2.90559411049,1040,656,16928
2.91159105301,1040,656,16928
2.91759705544,1040,656,16928
2.92245197296,1040,656,16928
2.92847394943,1040,656,16928
2.93449497223,1040,656,16928
2.94037413597,1040,656,16928
2.94528698921,1040,656,16928
2.95131206512,1040,656,16928
2.96183609962,1040,656,16928
2.96243810654,1040,656,16928
2.96824216843,1040,624,16048
2.97418212891,1040,624,16048
2.97956395149,1040,624,16048
2.98657512665,1040,624,16048
2.99106097221,1040,624,16048
2.99606704712,1040,624,16048
3.00584411621,1040,624,16048
3.0080871582,1040,624,16048
3.01408410072,1040,624,16048
3.0190820694,1040,624,16048
3.02494812012,1040,624,16048
3.0309150219,1040,624,16048
3.03599309921,1040,624,16048
3.04184508324,1040,624,16048
3.04783701897,1040,1280,16768
3.05383896828,1040,1280,16768
3.05982995033,1040,1280,16768
3.06574106216,1040,1280,16768
3.07166910172,1040,1280,16768
3.07691001892,1040,1280,16768
3.08271598816,1040,1280,16768
3.08857011795,1040,1280,16768
3.09358406067,1040,1280,16768
3.09959697723,1040,1280,16768
3.10557794571,1040,1280,16768
3.11047315598,1040,1280,16768
3.1164791584,1040,1280,16768
3.12247514725,784,960,16768
3.12747716904,784,960,16720
3.13334012032,784,960,16720
3.13949012756,784,960,16720
3.14530801773,784,960,16720
3.15035104752,784,960,16720
3.15622496605,784,960,16720
3.16220211983,784,960,16720
3.16764903069,784,960,16720
3.17320895195,784,960,16720
3.17905902863,784,960,16720
3.18406105042,784,960,16720
3.19008803368,784,960,16720
3.19609093666,784,960,16720
3.20110416412,560,960,16720
3.20709896088,560,960,16592
3.21297097206,560,960,16592
3.21993494034,560,960,16592
3.2249610424,560,960,16592
3.23114705086,560,960,16592
3.23681902885,560,960,16592
3.24183297157,560,960,16592
3.24780011177,560,960,16592
3.25369405746,560,960,16592
3.25964212418,560,960,16592
3.26470112801,560,960,16592
3.27067708969,560,960,16592
3.27652406693,560,960,16592
3.28157305717,736,560,16768
3.28757596016,736,560,16768
3.29356312752,736,560,16768
3.29845499992,736,560,16768
3.30445194244,736,560,16768
3.31045508385,736,560,16768
3.3154540062,736,560,16768
3.3215110302,736,560,16768
3.32733416557,736,560,16768
3.33327198029,736,560,16768
3.33832406998,736,560,16768
3.3443031311,736,560,16768
3.35012412071,736,560,16768
3.35528302193,736,560,16768
3.36119604111,688,864,16752
3.36719608307,688,864,16752
3.3720741272,688,864,16752
3.37807512283,688,864,16752
3.38540911674,688,864,16752
3.39101696014,688,864,16752
3.39607405663,688,864,16752
3.40192914009,688,864,16752
3.4078810215,688,864,16752
3.41296100616,688,864,16752
3.41881299019,688,864,16752
3.42481398582,688,864,16752
3.42981314659,688,864,16752
3.43580293655,688,864,16752
3.4416911602,816,880,16976
3.44669508934,816,880,16976
3.45269608498,816,880,16976
3.45866394043,816,880,16976
3.46453094482,816,880,16976
3.46954202652,816,880,16976
3.47554111481,816,880,16976
3.48154997826,816,880,16976
3.48658514023,816,880,16976
3.49246811867,816,880,16976
3.49844002724,816,880,16976
3.50346398354,816,880,16976
3.51004099846,816,880,16976
3.51545095444,816,880,16976
3.52136397362,832,528,16896
3.52641415596,832,528,16896
3.5324151516,832,528,16896
3.53824210167,832,528,16896
3.54333114624,832,528,16896
3.54929304123,832,528,16896
3.55624198914,832,528,16896
3.5611770153,832,528,16896
3.56714200974,832,528,16896
3.57319307327,832,528,16896
3.57911396027,832,528,16896
3.58416199684,832,528,16896
3.59016513824,832,528,16896
3.59601998329,832,528,16896
3.60132312775,672,480,16736
3.60703802109,672,480,16736
3.6127910614,672,480,16736
3.61782693863,672,480,16736
3.62382698059,672,480,16736
3.62981200218,672,480,16736
3.63469600677,672,480,16736
3.64070510864,672,480,16736
3.6466960907,672,480,16736
3.65262293816,672,480,16736
3.65768194199,672,480,16736
3.66399097443,672,480,16736
3.66964316368,672,480,16736
3.67466402054,672,480,16736
3.68055105209,768,544,16816
3.68643903732,768,544,16816
3.69154000282,768,544,16816
3.69756913185,768,544,16816
3.70342111588,768,544,16816
3.70937013626,768,544,16816
3.71441197395,768,544,16816
3.72141504288,768,544,16816
3.72729206085,768,544,16816
3.73232412338,768,544,16816
3.73828911781,768,544,16816
3.74427700043,768,544,16816
3.74918198586,768,544,16816
3.75541901588,768,544,16816
3.76106715202,832,480,16752
3.76701116562,832,480,16752
3.77206206322,832,480,16752
3.77805614471,832,480,16752
3.78392410278,832,480,16752
3.78899097443,832,480,16752
3.79496693611,832,480,16752
3.80082917213,832,480,16752
3.80585098267,832,480,16752
3.81184697151,832,480,16752
3.81808900833,832,480,16752
3.82272601128,832,480,16752
3.82872915268,832,480,16752
3.83471393585,832,480,16752
3.84067296982,832,464,16496
3.84575414658,832,464,16496
3.8515920639,832,464,16496
3.85756206512,832,464,16496
3.86255002022,832,464,16496
3.86855912209,832,464,16496
3.87443208694,832,464,16496
3.87970900536,832,464,16496
3.88647508621,832,464,16496
3.89247894287,832,464,16496
3.89825296402,832,464,16496
3.9032831192,832,464,16496
3.90935206413,832,464,16496
3.91526293755,832,464,16496
3.920181036,672,784,16656
3.9262740612,672,784,16656
3.93221211433,672,784,16656
3.93718194962,672,784,16656
3.94316101074,672,784,16656
3.94902610779,672,784,16656
3.95527601242,672,784,16656
3.96016311646,672,784,16656
3.96611213684,672,784,16656
3.97216105461,672,784,16656
3.97709107399,672,784,16656
3.98301815987,672,784,16656
3.98890805244,672,784,16656
3.9938890934,672,784,16656
3.99985694885,816,592,16464
4.00592708588,816,592,16464
4.01096510887,816,592,16464
4.01673793793,816,592,16464
4.02279305458,816,592,16464
4.02879714966,816,592,16464
4.03375601768,816,592,16464
4.03958797455,816,592,16464
4.04554510117,816,592,16464
4.05158615112,816,592,16464
4.05758500099,816,592,16464
4.06361103058,816,592,16464
4.0695309639,816,592,16464
4.0744240284,848,592,16464
4.08062314987,848,928,16912
4.08647108078,848,928,16912
4.09141111374,848,928,16912
4.0973341465,848,928,16912
4.10330414772,848,928,16912
4.10820007324,848,928,16912
4.11419701576,848,928,16912
4.12020516396,848,928,16912
4.12528705597,848,928,16912
4.13108205795,848,928,16912
4.13706803322,848,928,16912
4.14299416542,848,928,16912
4.14804697037,848,928,16912
4.15408706665,736,928,16912
4.16001105309,736,544,16784
4.16496109962,736,544,16784
4.17092204094,736,544,16784
4.17695116997,736,544,16784
4.18184304237,736,544,16784
4.18784093857,736,544,16784
4.19384813309,736,544,16784
4.19965314865,736,544,16784
4.2047150135,736,544,16784
4.21070504189,736,544,16784
4.2166891098,736,544,16784
4.22271299362,736,544,16784
4.22857999802,736,544,16784
4.23478913307,752,720,17056
4.23965811729,752,720,17056
4.24559307098,752,720,17056
4.25170397758,752,720,17056
4.25753211975,752,720,17056
4.26261401176,752,720,17056
4.2685880661,752,720,17056
4.27446198463,752,720,17056
4.27959799767,752,720,17056
4.28546595573,752,720,17056
4.29143714905,752,720,17056
4.29630208015,752,720,17056
4.30217695236,752,720,17056
4.30841994286,752,720,17056
4.31414699554,800,496,16528
4.31917095184,800,496,16528
4.32504415512,800,496,16528
4.33103299141,800,496,16528
4.33604311943,800,496,16528
4.34207010269,800,496,16528
4.34805607796,800,496,16528
4.3529651165,800,496,16528
4.35896515846,800,496,16528
4.3649520874,800,496,16528
4.37087416649,800,496,16528
4.3758289814,800,496,16528
4.38184595108,800,496,16528
4.3888130188,800,496,16528
4.39370512962,848,608,16896
4.39969396591,848,608,16896
4.40570807457,848,608,16896
4.41070413589,848,608,16896
4.4165790081,848,608,16896
4.42258310318,848,608,16896
4.42852711678,848,608,16896
4.43363809586,848,608,16896
4.43945503235,848,608,16896
4.44541311264,848,608,16896
4.45042514801,848,608,16896
4.45657300949,848,608,16896
4.4625711441,848,608,16896
4.4674270153,848,608,16896
4.47341799736,800,704,16720
4.47940611839,800,704,16720
4.48520708084,800,704,16720
4.490265131,800,704,16720
4.49633693695,800,704,16720
4.50216603279,800,704,16720
4.50721216202,800,704,16720
4.51307797432,800,704,16720
4.51905798912,800,704,16720
4.52436709404,800,704,16720
4.53010296822,800,704,16720
4.53608512878,800,704,16720
4.54190897942,800,704,16720
4.54712295532,800,704,16720
4.55404210091,912,736,17152
4.55995512009,912,736,17152
4.56491804123,912,736,17152
4.57090902328,912,736,17152
4.57680702209,912,736,17152
4.58185005188,912,736,17152
4.58783316612,912,736,17152
4.59383296967,912,736,17152
4.59973096848,912,736,17152
4.60478210449,912,736,17152
4.61063694954,912,736,17152
4.61682701111,912,736,17152
4.62166213989,912,736,17152
4.62765407562,912,736,17152
4.63355708122,640,768,16832
4.63858795166,640,768,16832
4.64446210861,640,768,16832
4.65045809746,640,768,16832
4.6562769413,640,768,16832
4.6613380909,640,768,16832
4.6673309803,640,768,16832
4.67331314087,640,768,16832
4.67832994461,640,768,16832
4.68420314789,640,768,16832
4.69018316269,640,768,16832
4.6952021122,640,768,16832
4.70121002197,640,768,16832
4.7071480751,640,768,16832
4.71310710907,688,672,16976
4.71915316582,688,672,16976
4.7251329422,688,672,16976
4.73101806641,688,672,16976
4.73601913452,688,672,16976
4.74212002754,688,672,16976
4.74791502953,688,672,16976
4.75291514397,688,672,16976
4.75890612602,688,672,16976
4.76490616798,688,672,16976
4.7708439827,688,672,16976
4.77583193779,688,672,16976
4.78187298775,688,672,16976
4.78766107559,688,672,16976
4.79258704185,736,656,16736
4.79858016968,736,656,16736
4.80458903313,736,656,16736
4.80958008766,736,656,16736
4.81558203697,736,656,16736
4.8215739727,736,656,16736
4.82743096352,736,656,16736
4.8328640461,736,656,16736
4.83858013153,736,656,16736
4.84437799454,736,656,16736
4.84941601753,736,656,16736
4.85540604591,736,656,16736
4.8613820076,736,656,16736
4.86631298065,736,656,16736
4.8722820282,688,560,16832
4.87828111649,688,560,16832
4.88423109055,688,560,16832
4.8901450634,688,560,16832
4.89624214172,688,560,16832
4.90215802193,688,560,16832
4.90717506409,688,560,16832
4.91317915916,688,560,16832
4.91905117035,688,560,16832
4.92424798012,688,560,16832
4.92995405197,688,560,16832
4.93583416939,688,560,16832
4.94177103043,688,560,16832
4.94681501389,688,560,16832
4.95282816887,688,736,16656
4.96182894707,688,736,16656
4.96366810799,688,736,16656
4.9696791172,688,736,16656
4.97567915916,688,736,16656
4.98068809509,688,736,16656
4.98663306236,688,736,16656
4.99253201485,688,736,16656
4.99849104881,688,736,16656
5.00359916687,688,736,16656
5.00939202309,688,736,16656
5.01547598839,688,736,16656
5.02040195465,688,736,16656
5.02639293671,688,736,16656
5.03226709366,688,768,16448
5.03726506233,688,768,16448
5.04326605797,688,768,16448
5.04929614067,688,768,16448
5.05610895157,688,768,16448
5.06112599373,688,768,16448
5.06763315201,688,768,16448
5.07315397263,688,768,16448
5.07822108269,688,768,16448
5.0840690136,688,768,16448
5.09008312225,688,768,16448
5.09602403641,688,768,16448
5.10108304024,688,768,16448
5.10706496239,704,704,16448
5.11291193962,704,704,16448
5.11793708801,704,704,16448
5.12393808365,704,704,16448
5.12979507446,704,704,16448
5.13479113579,704,704,16448
5.14092111588,704,704,16448
5.14679312706,704,704,16448
5.15260910988,704,704,16448
5.15763807297,704,704,16448
5.16362094879,704,704,16448
5.16989398003,704,704,16448
5.17455005646,704,704,16448
5.18058013916,704,704,16448
5.18654513359,736,544,16448
5.19154000282,736,544,16448
5.19754695892,736,544,16448
5.20343494415,736,544,16448
5.20844697952,736,544,16448
5.21444511414,736,544,16448
5.22143602371,736,544,16448
5.22728204727,736,544,16448
5.2323410511,736,544,16448
5.23832201958,736,544,16448
5.24433112144,736,544,16448
5.2491941452,736,544,16448
5.25518703461,736,544,16448
5.26118898392,736,544,16448
5.26702213287,720,448,16720
5.27206516266,720,448,16720
5.27807402611,720,448,16720
5.28402113914,720,448,16720
5.28905797005,720,448,16720
5.29512405396,720,448,16720
5.30105304718,720,448,16720
5.30594015121,720,448,16720
5.31194615364,720,448,16720
5.31782102585,720,448,16720
5.32401394844,720,448,16720
5.32883310318,720,448,16720
5.33482503891,720,448,16720
5.34066009521,720,448,16720
5.34570598602,800,496,16864
5.35170316696,800,496,16864
5.35769915581,800,496,16864
5.36257410049,800,496,16864
5.36854815483,800,496,16864
5.37458014488,800,496,16864
5.38051795959,800,496,16864
5.3865981102,800,496,16864
5.39244914055,800,496,16864
5.39843010902,800,496,16864
5.40343809128,800,496,16864
5.40926408768,800,496,16864
5.41529297829,800,496,16864
5.4212641716,800,496,16864
5.42628502846,880,768,17040
5.43228912354,880,768,17040
5.43815016747,880,768,17040
5.44316005707,880,768,17040
5.44921803474,880,768,17040
5.45517897606,880,768,17040
5.46007609367,880,768,17040
5.46606993675,880,768,17040
5.47204709053,880,768,17040
5.47827315331,880,768,17040
5.48308300972,880,768,17040
5.48907113075,880,768,17040
5.49490904808,880,768,17040
5.4999229908,880,768,17040
5.50579500198,1072,704,17088
5.51180696487,1072,704,17088
5.51681613922,1072,704,17088
5.52282810211,1072,704,17088
5.52869796753,1072,704,17088
5.53465008736,1072,704,17088
5.5399711132,1072,704,17088
5.54570698738,1072,704,17088
5.55255198479,1072,704,17088
5.5575799942,1072,704,17088
5.5635869503,1072,704,17088
5.5695669651,1072,704,17088
5.57539105415,1072,704,17088
5.58045101166,1072,704,17088
5.58645200729,912,752,16928
5.5924050808,912,752,16928
5.59746003151,912,752,16928
5.60338997841,912,752,16928
5.60929298401,912,752,16928
5.61453294754,912,752,16928
5.62043905258,912,752,16928
5.62625408173,912,752,16928
5.6321439743,912,752,16928
5.63719415665,912,752,16928
5.64332699776,912,752,16928
5.64917993546,912,752,16928
5.65422201157,912,752,16928
5.66020202637,912,752,16928
5.66639113426,672,608,16640
5.67121315002,672,608,16640
5.67720293999,672,608,16640
5.68306493759,672,608,16640
5.68894696236,672,608,16640
5.69395804405,672,608,16640
5.69982504845,672,608,16640
