0.00595593452454,0.00927734375,-0.02490234375,-0.501953125
0.0119609832764,0.00927734375,-0.02490234375,-0.501953125
0.0178329944611,0.00927734375,-0.02490234375,-0.501953125
0.0238010883331,0.00927734375,-0.02490234375,-0.501953125
0.0308930873871,0.00927734375,-0.02490234375,-0.501953125
0.0368299484253,0.00927734375,-0.02490234375,-0.501953125
0.0426919460297,0.00927734375,-0.02490234375,-0.501953125
0.0487129688263,0.00927734375,-0.02490234375,-0.501953125
0.0546419620514,0.00927734375,-0.02490234375,-0.501953125
0.061026096344,0.00927734375,-0.02490234375,-0.501953125
0.0665628910065,0.00927734375,-0.02490234375,-0.501953125
0.0715560913086,0.00927734375,-0.02490234375,-0.501953125
0.0775570869446,0.00439453125,-0.0263671875,-0.52294921875
0.0835590362549,0.00439453125,-0.0263671875,-0.52294921875
0.0894401073456,0.00439453125,-0.0263671875,-0.52294921875
0.0955669879913,0.00439453125,-0.0263671875,-0.52294921875
0.101520061493,0.00439453125,-0.0263671875,-0.52294921875
0.107521057129,0.00439453125,-0.0263671875,-0.52294921875
0.113399028778,0.00439453125,-0.0263671875,-0.52294921875
0.119400024414,0.00439453125,-0.0263671875,-0.52294921875
0.125467061996,0.00439453125,-0.0263671875,-0.52294921875
0.131336927414,0.00439453125,-0.0263671875,-0.52294921875
0.137255907059,0.00439453125,-0.0263671875,-0.52294921875
0.143215894699,0.00439453125,-0.0263671875,-0.52294921875
0.14827299118,0.00439453125,-0.0263671875,-0.52294921875
0.154706001282,0.00439453125,-0.0263671875,-0.52294921875
0.160286903381,0.00439453125,-0.0263671875,-0.5078125
0.1662940979,0.00439453125,-0.0263671875,-0.5078125
0.172189950943,0.00439453125,-0.0263671875,-0.5078125
0.178067922592,0.00439453125,-0.0263671875,-0.5078125
0.184074878693,0.00439453125,-0.0263671875,-0.5078125
0.189932107925,0.00439453125,-0.0263671875,-0.5078125
0.195930957794,0.00439453125,-0.0263671875,-0.5078125
0.202931880951,0.00439453125,-0.0263671875,-0.5078125
0.208806037903,0.00439453125,-0.0263671875,-0.5078125
0.214936971664,0.00439453125,-0.0263671875,-0.5078125
0.220747947693,0.00439453125,-0.0263671875,-0.5078125
0.226723909378,0.00439453125,-0.0263671875,-0.5078125
0.231673955917,0.00439453125,-0.0263671875,-0.5078125
0.237675905228,0.0048828125,-0.0263671875,-0.51123046875
0.243669986725,0.0048828125,-0.0263671875,-0.51123046875
0.2496778965,0.0048828125,-0.0263671875,-0.51123046875
0.255582094193,0.0048828125,-0.0263671875,-0.51123046875
0.261570930481,0.0048828125,-0.0263671875,-0.51123046875
0.267565011978,0.0048828125,-0.0263671875,-0.51123046875
0.273556947708,0.0048828125,-0.0263671875,-0.51123046875
0.279438972473,0.0048828125,-0.0263671875,-0.51123046875
0.285432100296,0.0048828125,-0.0263671875,-0.51123046875
0.291399002075,0.0048828125,-0.0263671875,-0.51123046875
0.297380924225,0.0048828125,-0.0263671875,-0.51123046875
0.303255081177,0.0048828125,-0.0263671875,-0.51123046875
0.308341026306,0.0048828125,-0.0263671875,-0.51123046875
0.314312934875,-0.00537109375,-0.029296875,-0.5146484375
0.320291042328,-0.00537109375,-0.029296875,-0.5146484375
0.326159954071,-0.00537109375,-0.029296875,-0.5146484375
0.332190036774,-0.00537109375,-0.029296875,-0.5146484375
0.338207006454,-0.00537109375,-0.029296875,-0.5146484375
0.344194889069,-0.00537109375,-0.029296875,-0.5146484375
0.350177049637,-0.00537109375,-0.029296875,-0.5146484375
0.356188058853,-0.00537109375,-0.029296875,-0.5146484375
0.362070083618,-0.00537109375,-0.029296875,-0.5146484375
0.36820101738,-0.00537109375,-0.029296875,-0.5146484375
0.374912023544,-0.00537109375,-0.029296875,-0.5146484375
0.383793115616,-0.00537109375,-0.029296875,-0.5146484375
0.386898994446,-0.00537109375,-0.029296875,-0.5146484375
0.392744064331,-0.00537109375,-0.029296875,-0.5146484375
0.397799968719,-0.00537109375,-0.03515625,-0.51806640625
0.403820991516,-0.00537109375,-0.03515625,-0.51806640625
0.409805059433,-0.00537109375,-0.03515625,-0.51806640625
0.415807962418,-0.00537109375,-0.03515625,-0.51806640625
0.421695947647,-0.00537109375,-0.03515625,-0.51806640625
0.427686929703,-0.00537109375,-0.03515625,-0.51806640625
0.43367099762,-0.00537109375,-0.03515625,-0.51806640625
0.439687013626,-0.00537109375,-0.03515625,-0.51806640625
0.445556879044,-0.00537109375,-0.03515625,-0.51806640625
0.451559066772,-0.00537109375,-0.03515625,-0.51806640625
0.457540035248,-0.00537109375,-0.03515625,-0.51806640625
0.463543891907,-0.00537109375,-0.03515625,-0.51806640625
0.469371080399,-0.00537109375,-0.03515625,-0.51806640625
0.474422931671,0.0009765625,-0.02001953125,-0.51220703125
0.480424880981,0.0009765625,-0.02001953125,-0.51220703125
0.486435890198,0.0009765625,-0.02001953125,-0.51220703125
0.49233007431,0.0009765625,-0.02001953125,-0.51220703125
0.498338937759,0.0009765625,-0.02001953125,-0.51220703125
0.504306077957,0.0009765625,-0.02001953125,-0.51220703125
0.510298967361,0.0009765625,-0.02001953125,-0.51220703125
0.516185998917,0.0009765625,-0.02001953125,-0.51220703125
0.522382974625,0.0009765625,-0.02001953125,-0.51220703125
0.528202056885,0.0009765625,-0.02001953125,-0.51220703125
0.534159898758,0.0009765625,-0.02001953125,-0.51220703125
0.540121078491,0.0009765625,-0.02001953125,-0.51220703125
0.547019958496,0.0009765625,-0.02001953125,-0.51220703125
0.553667068481,-0.001953125,-0.02001953125,-0.51220703125
0.558058977127,-0.001953125,-0.02001953125,-0.517578125
0.563966035843,-0.001953125,-0.02001953125,-0.517578125
0.569936037064,-0.001953125,-0.02001953125,-0.517578125
0.575922012329,-0.001953125,-0.02001953125,-0.517578125
0.581928014755,-0.001953125,-0.02001953125,-0.517578125
0.587800979614,-0.001953125,-0.02001953125,-0.517578125
0.59380698204,-0.001953125,-0.02001953125,-0.517578125
0.599801063538,-0.001953125,-0.02001953125,-0.517578125
0.605808973312,-0.001953125,-0.02001953125,-0.517578125
0.611680984497,-0.001953125,-0.02001953125,-0.517578125
0.617644071579,-0.001953125,-0.02001953125,-0.517578125
0.62363409996,-0.001953125,-0.02001953125,-0.517578125
0.62961101532,-0.001953125,-0.02001953125,-0.517578125
0.635489940643,0.0029296875,-0.02587890625,-0.51904296875
0.640548944473,0.0029296875,-0.02587890625,-0.51904296875
0.646570920944,0.0029296875,-0.02587890625,-0.51904296875
0.652559041977,0.0029296875,-0.02587890625,-0.51904296875
0.658432006836,0.0029296875,-0.02587890625,-0.51904296875
0.664438962936,0.0029296875,-0.02587890625,-0.51904296875
0.670438051224,0.0029296875,-0.02587890625,-0.51904296875
0.676660060883,0.0029296875,-0.02587890625,-0.51904296875
0.682353973389,0.0029296875,-0.02587890625,-0.51904296875
0.688261985779,0.0029296875,-0.02587890625,-0.51904296875
0.694228887558,0.0029296875,-0.02587890625,-0.51904296875
0.700222015381,0.0029296875,-0.02587890625,-0.51904296875
0.70609998703,0.0029296875,-0.02587890625,-0.51904296875
0.712124109268,0.001953125,-0.02587890625,-0.51904296875
0.717120885849,0.001953125,-0.02587890625,-0.51171875
0.72412109375,0.001953125,-0.02587890625,-0.51171875
0.73018693924,0.001953125,-0.02587890625,-0.51171875
0.736172914505,0.001953125,-0.02587890625,-0.51171875
0.742060899734,0.001953125,-0.02587890625,-0.51171875
0.748042106628,0.001953125,-0.02587890625,-0.51171875
0.75390791893,0.001953125,-0.02587890625,-0.51171875
0.759923934937,0.001953125,-0.02587890625,-0.51171875
0.765913963318,0.001953125,-0.02587890625,-0.51171875
0.771939992905,0.001953125,-0.02587890625,-0.51171875
0.77779507637,0.001953125,-0.02587890625,-0.51171875
0.783786058426,0.001953125,-0.02587890625,-0.51171875
0.78976893425,0.001953125,-0.02587890625,-0.51171875
0.795753955841,-0.001953125,-0.0166015625,-0.5126953125
0.800700902939,-0.001953125,-0.0166015625,-0.5126953125
0.806679964066,-0.001953125,-0.0166015625,-0.5126953125
0.812668085098,-0.001953125,-0.0166015625,-0.5126953125
0.818649053574,-0.001953125,-0.0166015625,-0.5126953125
0.824537992477,-0.001953125,-0.0166015625,-0.5126953125
0.830677986145,-0.001953125,-0.0166015625,-0.5126953125
0.836565971375,-0.001953125,-0.0166015625,-0.5126953125
0.842570066452,-0.001953125,-0.0166015625,-0.5126953125
0.848434925079,-0.001953125,-0.0166015625,-0.5126953125
0.854430913925,-0.001953125,-0.0166015625,-0.5126953125
0.860418081284,-0.001953125,-0.0166015625,-0.5126953125
0.866405963898,-0.001953125,-0.0166015625,-0.5126953125
0.872278928757,0.0009765625,-0.02001953125,-0.5185546875
0.878263950348,0.0009765625,-0.02001953125,-0.5185546875
0.883301973343,0.0009765625,-0.02001953125,-0.5185546875
0.889319896698,0.0009765625,-0.02001953125,-0.5185546875
0.896189928055,0.0009765625,-0.02001953125,-0.5185546875
0.90216588974,0.0009765625,-0.02001953125,-0.5185546875
0.908190965652,0.0009765625,-0.02001953125,-0.5185546875
0.914155960083,0.0009765625,-0.02001953125,-0.5185546875
0.920175075531,0.0009765625,-0.02001953125,-0.5185546875
0.926119089127,0.0009765625,-0.02001953125,-0.5185546875
0.932055950165,0.0009765625,-0.02001953125,-0.5185546875
0.938040018082,0.0009765625,-0.02001953125,-0.5185546875
0.943912982941,0.0009765625,-0.02001953125,-0.5185546875
0.949892044067,0.0009765625,-0.02001953125,-0.5185546875
0.956017971039,0.005859375,-0.0224609375,-0.51025390625
0.961728096008,0.005859375,-0.0224609375,-0.51025390625
0.966784954071,0.005859375,-0.0224609375,-0.51025390625
0.972786903381,0.005859375,-0.0224609375,-0.51025390625
0.9787940979,0.005859375,-0.0224609375,-0.51025390625
0.984788894653,0.005859375,-0.0224609375,-0.51025390625
0.990667104721,0.005859375,-0.0224609375,-0.51025390625
0.996664047241,0.005859375,-0.0224609375,-0.51025390625
1.00266098976,0.005859375,-0.0224609375,-0.51025390625
1.00865387917,0.005859375,-0.0224609375,-0.51025390625
1.01452493668,0.005859375,-0.0224609375,-0.51025390625
1.02060008049,0.005859375,-0.0224609375,-0.51025390625
1.0265390873,0.005859375,-0.0224609375,-0.51025390625
1.03252696991,-0.005859375,-0.0185546875,-0.517578125
1.03841209412,-0.005859375,-0.0185546875,-0.517578125
1.04433894157,-0.005859375,-0.0185546875,-0.517578125
1.04947495461,-0.005859375,-0.0185546875,-0.517578125
1.05538988113,-0.005859375,-0.0185546875,-0.517578125
1.06128406525,-0.005859375,-0.0185546875,-0.517578125
1.06828808784,-0.005859375,-0.0185546875,-0.517578125
1.07428693771,-0.005859375,-0.0185546875,-0.517578125
1.08030700684,-0.005859375,-0.0185546875,-0.517578125
1.08616089821,-0.005859375,-0.0185546875,-0.517578125
1.09217309952,-0.005859375,-0.0185546875,-0.517578125
1.09815311432,-0.005859375,-0.0185546875,-0.517578125
1.10415887833,-0.005859375,-0.0185546875,-0.517578125
1.1101539135,0.005859375,-0.0185546875,-0.517578125
1.11600804329,0.005859375,-0.0185546875,-0.50146484375
1.12198710442,0.005859375,-0.0185546875,-0.50146484375
1.12798190117,0.005859375,-0.0185546875,-0.50146484375
1.13287997246,0.005859375,-0.0185546875,-0.50146484375
1.13891911507,0.005859375,-0.0185546875,-0.50146484375
1.14490699768,0.005859375,-0.0185546875,-0.50146484375
1.15096497536,0.005859375,-0.0185546875,-0.50146484375
1.15681791306,0.005859375,-0.0185546875,-0.50146484375
1.16282606125,0.005859375,-0.0185546875,-0.50146484375
1.16873502731,0.005859375,-0.0185546875,-0.50146484375
1.17479300499,0.005859375,-0.0185546875,-0.50146484375
1.18065094948,0.005859375,-0.0185546875,-0.50146484375
1.18670010567,0.005859375,-0.0185546875,-0.50146484375
1.19269299507,-0.0107421875,-0.0166015625,-0.5244140625
1.1986989975,-0.0107421875,-0.0166015625,-0.5244140625
1.20451807976,-0.0107421875,-0.0166015625,-0.5244140625
1.21046590805,-0.0107421875,-0.0166015625,-0.5244140625
1.2155380249,-0.0107421875,-0.0166015625,-0.5244140625
1.22153806686,-0.0107421875,-0.0166015625,-0.5244140625
1.22741293907,-0.0107421875,-0.0166015625,-0.5244140625
1.23341298103,-0.0107421875,-0.0166015625,-0.5244140625
1.24049496651,-0.0107421875,-0.0166015625,-0.5244140625
1.24633193016,-0.0107421875,-0.0166015625,-0.5244140625
1.25231289864,-0.0107421875,-0.0166015625,-0.5244140625
1.2583220005,-0.0107421875,-0.0166015625,-0.5244140625
1.26455402374,-0.0107421875,-0.0166015625,-0.5244140625
1.27032208443,0.0009765625,-0.01806640625,-0.51171875
1.27620887756,0.0009765625,-0.01806640625,-0.51171875
1.28218889236,0.0009765625,-0.01806640625,-0.51171875
1.28817200661,0.0009765625,-0.01806640625,-0.51171875
1.29431700706,0.0009765625,-0.01806640625,-0.51171875
1.29921293259,0.0009765625,-0.01806640625,-0.51171875
1.30506706238,0.0009765625,-0.01806640625,-0.51171875
1.31106495857,0.0009765625,-0.01806640625,-0.51171875
1.31706905365,0.0009765625,-0.01806640625,-0.51171875
1.32294797897,0.0009765625,-0.01806640625,-0.51171875
1.32898402214,0.0009765625,-0.01806640625,-0.51171875
1.33494210243,0.0009765625,-0.01806640625,-0.51171875
1.34086894989,0.0009765625,-0.01806640625,-0.51171875
1.34676003456,0.0009765625,-0.01806640625,-0.51171875
1.35274910927,-0.01123046875,-0.029296875,-0.6142578125
1.35878992081,-0.01123046875,-0.029296875,-0.6142578125
1.36475801468,-0.01123046875,-0.029296875,-0.6142578125
1.37062311172,-0.01123046875,-0.029296875,-0.6142578125
1.37661504745,-0.01123046875,-0.029296875,-0.6142578125
1.38166904449,-0.01123046875,-0.029296875,-0.6142578125
1.38767194748,-0.01123046875,-0.029296875,-0.6142578125
1.3935379982,-0.01123046875,-0.029296875,-0.6142578125
1.39953708649,-0.01123046875,-0.029296875,-0.6142578125
1.40553498268,-0.01123046875,-0.029296875,-0.6142578125
1.41152596474,-0.01123046875,-0.029296875,-0.6142578125
1.41841506958,-0.01123046875,-0.029296875,-0.6142578125
1.42440390587,-0.01123046875,-0.029296875,-0.6142578125
1.43048906326,0.00439453125,-0.02001953125,-0.65185546875
1.43642807007,0.00439453125,-0.02001953125,-0.65185546875
1.44232988358,0.00439453125,-0.02001953125,-0.65185546875
1.4483590126,0.00439453125,-0.02001953125,-0.65185546875
1.45430803299,0.00439453125,-0.02001953125,-0.65185546875
1.46030902863,0.00439453125,-0.02001953125,-0.65185546875
1.46617102623,0.00439453125,-0.02001953125,-0.65185546875
1.47120189667,0.00439453125,-0.02001953125,-0.65185546875
1.47726798058,0.00439453125,-0.02001953125,-0.65185546875
1.48327088356,0.00439453125,-0.02001953125,-0.65185546875
1.48926305771,0.00439453125,-0.02001953125,-0.65185546875
1.49525904655,0.00439453125,-0.02001953125,-0.65185546875
1.50111198425,0.00439453125,-0.02001953125,-0.65185546875
1.50712203979,0.00439453125,-0.02001953125,-0.65185546875
1.51302790642,-0.005859375,-0.04296875,-0.61865234375
1.51906490326,-0.005859375,-0.04296875,-0.61865234375
1.52503705025,-0.005859375,-0.04296875,-0.61865234375
1.53089594841,-0.005859375,-0.04296875,-0.61865234375
1.53673005104,-0.005859375,-0.04296875,-0.61865234375
1.54273605347,-0.005859375,-0.04296875,-0.61865234375
1.54873394966,-0.005859375,-0.04296875,-0.61865234375
1.55379605293,-0.005859375,-0.04296875,-0.61865234375
1.55982303619,-0.005859375,-0.04296875,-0.61865234375
1.56576490402,-0.005859375,-0.04296875,-0.61865234375
1.57204604149,-0.005859375,-0.04296875,-0.61865234375
1.57777309418,-0.005859375,-0.04296875,-0.61865234375
1.58363509178,-0.005859375,-0.04296875,-0.61865234375
1.59063601494,0.00390625,-0.06103515625,-0.6123046875
1.59663701057,0.00390625,-0.06103515625,-0.6123046875
1.60264706612,0.00390625,-0.06103515625,-0.6123046875
1.60851287842,0.00390625,-0.06103515625,-0.6123046875
1.61448907852,0.00390625,-0.06103515625,-0.6123046875
1.62050294876,0.00390625,-0.06103515625,-0.6123046875
1.62649703026,0.00390625,-0.06103515625,-0.6123046875
1.63228106499,0.00390625,-0.06103515625,-0.6123046875
1.63833904266,0.00390625,-0.06103515625,-0.6123046875
1.64338088036,0.00390625,-0.06103515625,-0.6123046875
1.64938402176,0.00390625,-0.06103515625,-0.6123046875
1.65524506569,0.00390625,-0.06103515625,-0.6123046875
1.66116595268,0.00390625,-0.06103515625,-0.6123046875
1.66717410088,-0.00146484375,-0.06103515625,-0.6123046875
1.67313790321,-0.00146484375,-0.06103515625,-0.59912109375
1.67912888527,-0.00146484375,-0.06103515625,-0.59912109375
1.68500304222,-0.00146484375,-0.06103515625,-0.59912109375
1.69100308418,-0.00146484375,-0.06103515625,-0.59912109375
1.69702601433,-0.00146484375,-0.06103515625,-0.59912109375
1.70287394524,-0.00146484375,-0.06103515625,-0.59912109375
1.70886206627,-0.00146484375,-0.06103515625,-0.59912109375
1.71486997604,-0.00146484375,-0.06103515625,-0.59912109375
1.72084093094,-0.00146484375,-0.06103515625,-0.59912109375
1.72580289841,-0.00146484375,-0.06103515625,-0.59912109375
1.73179507256,-0.00146484375,-0.06103515625,-0.59912109375
1.73779797554,-0.00146484375,-0.06103515625,-0.59912109375
1.74379897118,-0.00146484375,-0.06103515625,-0.59912109375
1.7496740818,-0.04296875,-0.01171875,-0.43798828125
1.7557349205,-0.04296875,-0.01171875,-0.43798828125
1.76266288757,-0.04296875,-0.01171875,-0.43798828125
1.76863002777,-0.04296875,-0.01171875,-0.43798828125
1.77450203896,-0.04296875,-0.01171875,-0.43798828125
1.78050494194,-0.04296875,-0.01171875,-0.43798828125
1.78653287888,-0.04296875,-0.01171875,-0.43798828125
1.79250502586,-0.04296875,-0.01171875,-0.43798828125
1.79836010933,-0.04296875,-0.01171875,-0.43798828125
1.80437088013,-0.04296875,-0.01171875,-0.43798828125
1.81034898758,-0.04296875,-0.01171875,-0.43798828125
1.81558609009,-0.04296875,-0.01171875,-0.43798828125
1.82142996788,-0.04296875,-0.01171875,-0.43798828125
1.82738494873,-0.00634765625,-0.01123046875,-0.3837890625
1.83335804939,-0.00634765625,-0.01123046875,-0.3837890625
1.83938598633,-0.00634765625,-0.01123046875,-0.3837890625
1.84524607658,-0.00634765625,-0.01123046875,-0.3837890625
1.85128593445,-0.00634765625,-0.01123046875,-0.3837890625
1.85726809502,-0.00634765625,-0.01123046875,-0.3837890625
1.8632440567,-0.00634765625,-0.01123046875,-0.3837890625
1.86916995049,-0.00634765625,-0.01123046875,-0.3837890625
1.87510490417,-0.00634765625,-0.01123046875,-0.3837890625
1.88100504875,-0.00634765625,-0.01123046875,-0.3837890625
1.88699102402,-0.00634765625,-0.01123046875,-0.3837890625
1.89288496971,-0.00634765625,-0.01123046875,-0.3837890625
1.89809393883,-0.00634765625,-0.01123046875,-0.3837890625
1.90388703346,-0.00634765625,-0.01123046875,-0.3837890625
1.9101319313,0.00048828125,-0.00634765625,-0.37109375
1.91590499878,0.00048828125,-0.00634765625,-0.37109375
1.9218890667,0.00048828125,-0.00634765625,-0.37109375
1.9278819561,0.00048828125,-0.00634765625,-0.37109375
1.93488407135,0.00048828125,-0.00634765625,-0.37109375
1.94106197357,0.00048828125,-0.00634765625,-0.37109375
1.9467830658,0.00048828125,-0.00634765625,-0.37109375
1.95275998116,0.00048828125,-0.00634765625,-0.37109375
1.95875692368,0.00048828125,-0.00634765625,-0.37109375
1.964646101,0.00048828125,-0.00634765625,-0.37109375
1.97065401077,0.00048828125,-0.00634765625,-0.37109375
1.97654700279,0.00048828125,-0.00634765625,-0.37109375
1.98252105713,0.00048828125,-0.00634765625,-0.37109375
1.98746991158,0.044921875,-0.03076171875,-0.2998046875
1.9933860302,0.044921875,-0.03076171875,-0.2998046875
1.99941802025,0.044921875,-0.03076171875,-0.2998046875
2.005423069,0.044921875,-0.03076171875,-0.2998046875
2.01128292084,0.044921875,-0.03076171875,-0.2998046875
2.01727795601,0.044921875,-0.03076171875,-0.2998046875
2.02328300476,0.044921875,-0.03076171875,-0.2998046875
2.02927899361,0.044921875,-0.03076171875,-0.2998046875
2.03515696526,0.044921875,-0.03076171875,-0.2998046875
2.04113507271,0.044921875,-0.03076171875,-0.2998046875
2.04712295532,0.044921875,-0.03076171875,-0.2998046875
2.05310893059,0.044921875,-0.03076171875,-0.2998046875
2.05909895897,0.044921875,-0.03076171875,-0.2998046875
2.06426095963,0.044921875,-0.03076171875,-0.2998046875
2.07000398636,0.06005859375,-0.056640625,-0.2978515625
2.07615089417,0.06005859375,-0.056640625,-0.2978515625
2.08193302155,0.06005859375,-0.056640625,-0.2978515625
2.08793091774,0.06005859375,-0.056640625,-0.2978515625
2.09423089027,0.06005859375,-0.056640625,-0.2978515625
2.09997797012,0.06005859375,-0.056640625,-0.2978515625
2.10578489304,0.06005859375,-0.056640625,-0.2978515625
2.11281895638,0.06005859375,-0.056640625,-0.2978515625
2.11880803108,0.06005859375,-0.056640625,-0.2978515625
2.12525296211,0.06005859375,-0.056640625,-0.2978515625
2.13069295883,0.06005859375,-0.056640625,-0.2978515625
2.13668894768,0.06005859375,-0.056640625,-0.2978515625
2.14269590378,0.06005859375,-0.056640625,-0.2978515625
2.148665905,0.0341796875,-0.04150390625,-0.392578125
2.15461587906,0.0341796875,-0.04150390625,-0.392578125
2.15953493118,0.0341796875,-0.04150390625,-0.392578125
2.16552710533,0.0341796875,-0.04150390625,-0.392578125
2.17152905464,0.0341796875,-0.04150390625,-0.392578125
2.17739892006,0.0341796875,-0.04150390625,-0.392578125
2.18340611458,0.0341796875,-0.04150390625,-0.392578125
2.18939900398,0.0341796875,-0.04150390625,-0.392578125
2.19540309906,0.0341796875,-0.04150390625,-0.392578125
2.20134592056,0.0341796875,-0.04150390625,-0.392578125
2.20732498169,0.0341796875,-0.04150390625,-0.392578125
2.2133409977,0.0341796875,-0.04150390625,-0.392578125
2.21933794022,0.0341796875,-0.04150390625,-0.392578125
2.22517991066,-0.00146484375,-0.04150390625,-0.392578125
2.23117399216,-0.00146484375,-0.04150390625,-0.419921875
2.23714089394,-0.00146484375,-0.04150390625,-0.419921875
2.24214792252,-0.00146484375,-0.04150390625,-0.419921875
2.2484369278,-0.00146484375,-0.04150390625,-0.419921875
2.25416398048,-0.00146484375,-0.04150390625,-0.419921875
2.26008701324,-0.00146484375,-0.04150390625,-0.419921875
2.26606011391,-0.00146484375,-0.04150390625,-0.419921875
2.27205300331,-0.00146484375,-0.04150390625,-0.419921875
2.27838587761,-0.00146484375,-0.04150390625,-0.419921875
2.28498196602,-0.00146484375,-0.04150390625,-0.419921875
2.29116296768,-0.00146484375,-0.04150390625,-0.419921875
2.29678606987,-0.00146484375,-0.04150390625,-0.419921875
2.30278301239,-0.00146484375,-0.04150390625,-0.419921875
2.30881690979,-0.01611328125,-0.03125,-0.5224609375
2.3147521019,-0.01611328125,-0.03125,-0.5224609375
2.32061004639,-0.01611328125,-0.03125,-0.5224609375
2.3266479969,-0.01611328125,-0.03125,-0.5224609375
2.33264398575,-0.01611328125,-0.03125,-0.5224609375
2.33762407303,-0.01611328125,-0.03125,-0.5224609375
2.34359693527,-0.01611328125,-0.03125,-0.5224609375
2.34956908226,-0.01611328125,-0.03125,-0.5224609375
2.35555410385,-0.01611328125,-0.03125,-0.5224609375
2.36155509949,-0.01611328125,-0.03125,-0.5224609375
2.36755299568,-0.01611328125,-0.03125,-0.5224609375
2.37347006798,-0.01611328125,-0.03125,-0.5224609375
2.37942790985,-0.01611328125,-0.03125,-0.5224609375
2.38552093506,0.015625,-0.0751953125,-0.544921875
2.39139890671,0.015625,-0.0751953125,-0.544921875
2.39736795425,0.015625,-0.0751953125,-0.544921875
2.4033908844,0.015625,-0.0751953125,-0.544921875
2.40936994553,0.015625,-0.0751953125,-0.544921875
2.41521596909,0.015625,-0.0751953125,-0.544921875
2.42027306557,0.015625,-0.0751953125,-0.544921875
2.42629504204,0.015625,-0.0751953125,-0.544921875
2.43220710754,0.015625,-0.0751953125,-0.544921875
2.43817591667,0.015625,-0.0751953125,-0.544921875
2.444190979,0.015625,-0.0751953125,-0.544921875
2.45005393028,0.015625,-0.0751953125,-0.544921875
2.45705509186,0.015625,-0.0751953125,-0.544921875
2.46294188499,0.015625,-0.0751953125,-0.544921875
2.46892499924,0.00048828125,-0.03662109375,-0.6337890625
2.47504711151,0.00048828125,-0.03662109375,-0.6337890625
2.48115611076,0.00048828125,-0.03662109375,-0.6337890625
2.48680400848,0.00048828125,-0.03662109375,-0.6337890625
2.49283909798,0.00048828125,-0.03662109375,-0.6337890625
2.49883389473,0.00048828125,-0.03662109375,-0.6337890625
2.50473594666,0.00048828125,-0.03662109375,-0.6337890625
2.50966596603,0.00048828125,-0.03662109375,-0.6337890625
2.515666008,0.00048828125,-0.03662109375,-0.6337890625
2.52179694176,0.00048828125,-0.03662109375,-0.6337890625
2.52780294418,0.00048828125,-0.03662109375,-0.6337890625
2.53368496895,0.00048828125,-0.03662109375,-0.6337890625
2.53960490227,0.00048828125,-0.03662109375,-0.6337890625
2.54562807083,0.0234375,-0.08154296875,-0.62646484375
2.55162405968,0.0234375,-0.08154296875,-0.62646484375
2.55792093277,0.0234375,-0.08154296875,-0.62646484375
2.56353497505,0.0234375,-0.08154296875,-0.62646484375
2.56952691078,0.0234375,-0.08154296875,-0.62646484375
2.57539796829,0.0234375,-0.08154296875,-0.62646484375
2.58138108253,0.0234375,-0.08154296875,-0.62646484375
2.587266922,0.0234375,-0.08154296875,-0.62646484375
2.59324193001,0.0234375,-0.08154296875,-0.62646484375
2.59830403328,0.0234375,-0.08154296875,-0.62646484375
2.60417699814,0.0234375,-0.08154296875,-0.62646484375
2.61034202576,0.0234375,-0.08154296875,-0.62646484375
2.61650896072,0.0234375,-0.08154296875,-0.62646484375
2.62231993675,0.0234375,-0.08154296875,-0.62646484375
2.6291539669,0.001953125,-0.0283203125,-0.60595703125
2.6353199482,0.001953125,-0.0283203125,-0.60595703125
2.6411280632,0.001953125,-0.0283203125,-0.60595703125
2.64735794067,0.001953125,-0.0283203125,-0.60595703125
2.65311694145,0.001953125,-0.0283203125,-0.60595703125
2.65897488594,0.001953125,-0.0283203125,-0.60595703125
2.66500711441,0.001953125,-0.0283203125,-0.60595703125
2.67100095749,0.001953125,-0.0283203125,-0.60595703125
2.67686295509,0.001953125,-0.0283203125,-0.60595703125
2.6828379631,0.001953125,-0.0283203125,-0.60595703125
2.68787789345,0.001953125,-0.0283203125,-0.60595703125
2.69387793541,0.001953125,-0.0283203125,-0.60595703125
2.69976592064,0.001953125,-0.0283203125,-0.60595703125
2.70574688911,-0.0400390625,-0.02099609375,-0.61767578125
2.71187901497,-0.0400390625,-0.02099609375,-0.61767578125
2.71767401695,-0.0400390625,-0.02099609375,-0.61767578125
2.7236828804,-0.0400390625,-0.02099609375,-0.61767578125
2.72954893112,-0.0400390625,-0.02099609375,-0.61767578125
2.73552703857,-0.0400390625,-0.02099609375,-0.61767578125
2.74155092239,-0.0400390625,-0.02099609375,-0.61767578125
2.74755787849,-0.0400390625,-0.02099609375,-0.61767578125
2.75339698792,-0.0400390625,-0.02099609375,-0.61767578125
2.75937795639,-0.0400390625,-0.02099609375,-0.61767578125
2.76535892487,-0.0400390625,-0.02099609375,-0.61767578125
2.77126097679,-0.0400390625,-0.02099609375,-0.61767578125
2.77626299858,-0.0400390625,-0.02099609375,-0.61767578125
2.78226304054,-0.03369140625,-0.02099609375,-0.61767578125
2.78825998306,-0.03369140625,-0.01513671875,-0.58837890625
2.79426503181,-0.03369140625,-0.01513671875,-0.58837890625
2.80119490623,-0.03369140625,-0.01513671875,-0.58837890625
2.80716609955,-0.03369140625,-0.01513671875,-0.58837890625
2.81317400932,-0.03369140625,-0.01513671875,-0.58837890625
2.81915187836,-0.03369140625,-0.01513671875,-0.58837890625
2.82513308525,-0.03369140625,-0.01513671875,-0.58837890625
2.8310918808,-0.03369140625,-0.01513671875,-0.58837890625
2.837018013,-0.03369140625,-0.01513671875,-0.58837890625
2.8428850174,-0.03369140625,-0.01513671875,-0.58837890625
2.84888100624,-0.03369140625,-0.01513671875,-0.58837890625
2.85487103462,-0.03369140625,-0.01513671875,-0.58837890625
2.86087107658,-0.03369140625,-0.01513671875,-0.58837890625
2.86592292786,-0.03076171875,-0.0302734375,-0.52099609375
2.87179899216,-0.03076171875,-0.0302734375,-0.52099609375
2.87780499458,-0.03076171875,-0.0302734375,-0.52099609375
2.88381004333,-0.03076171875,-0.0302734375,-0.52099609375
2.88967895508,-0.03076171875,-0.0302734375,-0.52099609375
2.89565992355,-0.03076171875,-0.0302734375,-0.52099609375
2.90165805817,-0.03076171875,-0.0302734375,-0.52099609375
2.90766501427,-0.03076171875,-0.0302734375,-0.52099609375
2.91354203224,-0.03076171875,-0.0302734375,-0.52099609375
2.91952991486,-0.03076171875,-0.0302734375,-0.52099609375
2.9257209301,-0.03076171875,-0.0302734375,-0.52099609375
2.93152403831,-0.03076171875,-0.0302734375,-0.52099609375
2.93749094009,-0.03076171875,-0.0302734375,-0.52099609375
2.94335508347,-0.03271484375,-0.0458984375,-0.52099609375
2.94935107231,-0.03271484375,-0.0458984375,-0.52099609375
2.95465993881,-0.03271484375,-0.0458984375,-0.52099609375
2.96041202545,-0.03271484375,-0.0458984375,-0.52099609375
2.96628808975,-0.03271484375,-0.0458984375,-0.52099609375
2.97228693962,-0.03271484375,-0.0458984375,-0.52099609375
2.97929906845,-0.03271484375,-0.0458984375,-0.52099609375
2.98532700539,-0.03271484375,-0.0458984375,-0.52099609375
2.99116897583,-0.03271484375,-0.0458984375,-0.52099609375
2.99715995789,-0.03271484375,-0.0458984375,-0.52099609375
3.00316596031,-0.03271484375,-0.0458984375,-0.52099609375
3.00916099548,-0.03271484375,-0.0458984375,-0.52099609375
3.0151488781,-0.03271484375,-0.0458984375,-0.52099609375
3.02106189728,-0.03271484375,-0.0458984375,-0.52099609375
3.02701306343,-0.0302734375,-0.0517578125,-0.51416015625
3.03289294243,-0.0302734375,-0.0517578125,-0.51416015625
3.03887295723,-0.0302734375,-0.0517578125,-0.51416015625
3.04391694069,-0.0302734375,-0.0517578125,-0.51416015625
3.04995203018,-0.0302734375,-0.0517578125,-0.51416015625
3.05579209328,-0.0302734375,-0.0517578125,-0.51416015625
3.06178307533,-0.0302734375,-0.0517578125,-0.51416015625
3.06780290604,-0.0302734375,-0.0517578125,-0.51416015625
3.07379102707,-0.0302734375,-0.0517578125,-0.51416015625
3.07967996597,-0.0302734375,-0.0517578125,-0.51416015625
3.08568191528,-0.0302734375,-0.0517578125,-0.51416015625
3.09167695045,-0.0302734375,-0.0517578125,-0.51416015625
3.09768509865,-0.0302734375,-0.0517578125,-0.51416015625
3.10355091095,-0.029296875,-0.03125,-0.50341796875
3.10955500603,-0.029296875,-0.03125,-0.50341796875
3.11551904678,-0.029296875,-0.03125,-0.50341796875
3.12149906158,-0.029296875,-0.03125,-0.50341796875
3.12737393379,-0.029296875,-0.03125,-0.50341796875
3.13254594803,-0.029296875,-0.03125,-0.50341796875
3.13846302032,-0.029296875,-0.03125,-0.50341796875
3.14450192451,-0.029296875,-0.03125,-0.50341796875
3.15135192871,-0.029296875,-0.03125,-0.50341796875
3.15735292435,-0.029296875,-0.03125,-0.50341796875
3.16335010529,-0.029296875,-0.03125,-0.50341796875
3.16934394836,-0.029296875,-0.03125,-0.50341796875
3.17523908615,-0.029296875,-0.03125,-0.50341796875
3.1812748909,-0.03564453125,-0.03125,-0.50341796875
3.18738007545,-0.03564453125,-0.04052734375,-0.50390625
3.19330406189,-0.03564453125,-0.04052734375,-0.50390625
3.19930410385,-0.03564453125,-0.04052734375,-0.50390625
3.20532608032,-0.03564453125,-0.04052734375,-0.50390625
3.21110701561,-0.03564453125,-0.04052734375,-0.50390625
3.21707201004,-0.03564453125,-0.04052734375,-0.50390625
3.22191905975,-0.03564453125,-0.04052734375,-0.50390625
3.22792100906,-0.03564453125,-0.04052734375,-0.50390625
3.23400211334,-0.03564453125,-0.04052734375,-0.50390625
3.23992204666,-0.03564453125,-0.04052734375,-0.50390625
3.24579906464,-0.03564453125,-0.04052734375,-0.50390625
3.25191807747,-0.03564453125,-0.04052734375,-0.50390625
3.25791597366,-0.03564453125,-0.04052734375,-0.50390625
3.26389908791,-0.0322265625,-0.0390625,-0.4921875
3.2697789669,-0.0322265625,-0.0390625,-0.4921875
3.2757730484,-0.0322265625,-0.0390625,-0.4921875
3.28172588348,-0.0322265625,-0.0390625,-0.4921875
3.28774499893,-0.0322265625,-0.0390625,-0.4921875
3.29359292984,-0.0322265625,-0.0390625,-0.4921875
3.2996070385,-0.0322265625,-0.0390625,-0.4921875
3.3055729866,-0.0322265625,-0.0390625,-0.4921875
3.31067705154,-0.0322265625,-0.0390625,-0.4921875
3.31639194489,-0.0322265625,-0.0390625,-0.4921875
3.3247449398,-0.0322265625,-0.0390625,-0.4921875
3.32940292358,-0.0322265625,-0.0390625,-0.4921875
3.33541297913,-0.0322265625,-0.0390625,-0.4921875
3.34127902985,-0.03125,-0.04248046875,-0.4921875
3.34728598595,-0.03125,-0.04248046875,-0.4921875
3.35326099396,-0.03125,-0.04248046875,-0.4921875
3.3592839241,-0.03125,-0.04248046875,-0.4921875
3.36516594887,-0.03125,-0.04248046875,-0.4921875
3.37117600441,-0.03125,-0.04248046875,-0.4921875
3.3771750927,-0.03125,-0.04248046875,-0.4921875
3.38314700127,-0.03125,-0.04248046875,-0.4921875
3.3891479969,-0.03125,-0.04248046875,-0.4921875
3.39500904083,-0.03125,-0.04248046875,-0.4921875
3.40099000931,-0.03125,-0.04248046875,-0.4921875
3.40606689453,-0.03125,-0.04248046875,-0.4921875
3.41191887856,-0.03125,-0.04248046875,-0.4921875
3.4179289341,-0.03125,-0.04248046875,-0.4921875
3.42391204834,-0.03955078125,-0.0478515625,-0.52783203125
3.42998194695,-0.03955078125,-0.0478515625,-0.52783203125
3.43578600883,-0.03955078125,-0.0478515625,-0.52783203125
3.44192695618,-0.03955078125,-0.0478515625,-0.52783203125
3.44797492027,-0.03955078125,-0.0478515625,-0.52783203125
3.45396900177,-0.03955078125,-0.0478515625,-0.52783203125
3.45979094505,-0.03955078125,-0.0478515625,-0.52783203125
3.46574902534,-0.03955078125,-0.0478515625,-0.52783203125
3.47174406052,-0.03955078125,-0.0478515625,-0.52783203125
3.47771906853,-0.03955078125,-0.0478515625,-0.52783203125
3.48356795311,-0.03955078125,-0.0478515625,-0.52783203125
3.48957395554,-0.03955078125,-0.0478515625,-0.52783203125
3.49657607079,-0.03955078125,-0.0478515625,-0.52783203125
3.50162410736,-0.04296875,-0.03515625,-0.5048828125
3.50742197037,-0.04296875,-0.03515625,-0.5048828125
3.52029705048,-0.04296875,-0.03515625,-0.5048828125
3.52037596703,-0.04296875,-0.03515625,-0.5048828125
3.52542996407,-0.04296875,-0.03515625,-0.5048828125
3.53130197525,-0.04296875,-0.03515625,-0.5048828125
3.5372979641,-0.04296875,-0.03515625,-0.5048828125
3.54331588745,-0.04296875,-0.03515625,-0.5048828125
3.54948806763,-0.04296875,-0.03515625,-0.5048828125
3.55532407761,-0.04296875,-0.03515625,-0.5048828125
3.5613079071,-0.04296875,-0.03515625,-0.5048828125
3.56725096703,-0.04296875,-0.03515625,-0.5048828125
3.57323908806,-0.04296875,-0.03515625,-0.5048828125
3.57919692993,-0.04296875,-0.03515625,-0.5048828125
3.58417701721,-0.0419921875,-0.02734375,-0.5107421875
3.59011888504,-0.0419921875,-0.02734375,-0.5107421875
3.59616398811,-0.0419921875,-0.02734375,-0.5107421875
3.60202002525,-0.0419921875,-0.02734375,-0.5107421875
3.6080300808,-0.0419921875,-0.02734375,-0.5107421875
3.61397409439,-0.0419921875,-0.02734375,-0.5107421875
3.62000393867,-0.0419921875,-0.02734375,-0.5107421875
3.62586188316,-0.0419921875,-0.02734375,-0.5107421875
3.63224697113,-0.0419921875,-0.02734375,-0.5107421875
3.63790011406,-0.0419921875,-0.02734375,-0.5107421875
3.64385700226,-0.0419921875,-0.02734375,-0.5107421875
3.64974999428,-0.0419921875,-0.02734375,-0.5107421875
3.65567302704,-0.0419921875,-0.02734375,-0.5107421875
3.6616768837,-0.04052734375,-0.0341796875,-0.5048828125
3.66762399673,-0.04052734375,-0.0341796875,-0.5048828125
3.67449498177,-0.04052734375,-0.0341796875,-0.5048828125
3.67954993248,-0.04052734375,-0.0341796875,-0.5048828125
3.68554711342,-0.04052734375,-0.0341796875,-0.5048828125
3.69164204597,-0.04052734375,-0.0341796875,-0.5048828125
3.69761896133,-0.04052734375,-0.0341796875,-0.5048828125
3.703551054,-0.04052734375,-0.0341796875,-0.5048828125
3.70954799652,-0.04052734375,-0.0341796875,-0.5048828125
3.71550893784,-0.04052734375,-0.0341796875,-0.5048828125
3.72137093544,-0.04052734375,-0.0341796875,-0.5048828125
3.72729992867,-0.04052734375,-0.0341796875,-0.5048828125
3.73326706886,-0.04052734375,-0.0341796875,-0.5048828125
3.73926305771,-0.0322265625,-0.0341796875,-0.5048828125
3.74513602257,-0.0322265625,-0.0341796875,-0.50732421875
3.7511279583,-0.0322265625,-0.0341796875,-0.50732421875
3.75713801384,-0.0322265625,-0.0341796875,-0.50732421875
3.76310896873,-0.0322265625,-0.0341796875,-0.50732421875
3.76816391945,-0.0322265625,-0.0341796875,-0.50732421875
3.7740380764,-0.0322265625,-0.0341796875,-0.50732421875
3.78004097939,-0.0322265625,-0.0341796875,-0.50732421875
3.78615498543,-0.0322265625,-0.0341796875,-0.50732421875
3.7919280529,-0.0322265625,-0.0341796875,-0.50732421875
3.79792404175,-0.0322265625,-0.0341796875,-0.50732421875
3.80392694473,-0.0322265625,-0.0341796875,-0.50732421875
3.80992507935,-0.0322265625,-0.0341796875,-0.50732421875
3.81591892242,-0.0322265625,-0.0341796875,-0.50732421875
3.82180094719,-0.03271484375,-0.037109375,-0.50634765625
3.82780098915,-0.03271484375,-0.037109375,-0.50634765625
3.83380889893,-0.03271484375,-0.037109375,-0.50634765625
3.8396320343,-0.03271484375,-0.037109375,-0.50634765625
3.84672498703,-0.03271484375,-0.037109375,-0.50634765625
3.85262298584,-0.03271484375,-0.037109375,-0.50634765625
3.858481884,-0.03271484375,-0.037109375,-0.50634765625
3.86448287964,-0.03271484375,-0.037109375,-0.50634765625
3.86950492859,-0.03271484375,-0.037109375,-0.50634765625
3.87550997734,-0.03271484375,-0.037109375,-0.50634765625
3.88154506683,-0.03271484375,-0.037109375,-0.50634765625
3.88739299774,-0.03271484375,-0.037109375,-0.50634765625
3.89461898804,-0.03271484375,-0.037109375,-0.50634765625
3.899518013,-0.03173828125,-0.04345703125,-0.5146484375
3.90536093712,-0.03173828125,-0.04345703125,-0.5146484375
3.91126203537,-0.03173828125,-0.04345703125,-0.5146484375
3.91722393036,-0.03173828125,-0.04345703125,-0.5146484375
3.92326807976,-0.03173828125,-0.04345703125,-0.5146484375
3.92914509773,-0.03173828125,-0.04345703125,-0.5146484375
3.93512010574,-0.03173828125,-0.04345703125,-0.5146484375
3.94112896919,-0.03173828125,-0.04345703125,-0.5146484375
3.94708895683,-0.03173828125,-0.04345703125,-0.5146484375
3.95215296745,-0.03173828125,-0.04345703125,-0.5146484375
3.95814704895,-0.03173828125,-0.04345703125,-0.5146484375
3.96401810646,-0.03173828125,-0.04345703125,-0.5146484375
3.97016310692,-0.03173828125,-0.04345703125,-0.5146484375
3.97601509094,-0.03173828125,-0.04345703125,-0.5146484375
3.98189496994,-0.03369140625,-0.04150390625,-0.51416015625
3.98788404465,-0.03369140625,-0.04150390625,-0.51416015625
3.99391388893,-0.03369140625,-0.04150390625,-0.51416015625
3.99976110458,-0.03369140625,-0.04150390625,-0.51416015625
4.00585389137,-0.03369140625,-0.04150390625,-0.51416015625
4.0120100975,-0.03369140625,-0.04150390625,-0.51416015625
4.01894688606,-0.03369140625,-0.04150390625,-0.51416015625
4.02484107018,-0.03369140625,-0.04150390625,-0.51416015625
4.0306429863,-0.03369140625,-0.04150390625,-0.51416015625
4.0368180275,-0.03369140625,-0.04150390625,-0.51416015625
4.04277396202,-0.03369140625,-0.04150390625,-0.51416015625
4.04771399498,-0.03369140625,-0.04150390625,-0.51416015625
4.05370807648,-0.03369140625,-0.04150390625,-0.51416015625
4.05966591835,-0.0322265625,-0.05126953125,-0.5185546875
4.06580710411,-0.0322265625,-0.05126953125,-0.5185546875
4.07171702385,-0.0322265625,-0.05126953125,-0.5185546875
4.07744193077,-0.0322265625,-0.05126953125,-0.5185546875
4.08341193199,-0.0322265625,-0.05126953125,-0.5185546875
4.08942008018,-0.0322265625,-0.05126953125,-0.5185546875
4.09549093246,-0.0322265625,-0.05126953125,-0.5185546875
4.10129594803,-0.0322265625,-0.05126953125,-0.5185546875
4.10730195045,-0.0322265625,-0.05126953125,-0.5185546875
4.11329293251,-0.0322265625,-0.05126953125,-0.5185546875
4.11914300919,-0.0322265625,-0.05126953125,-0.5185546875
4.12515807152,-0.0322265625,-0.05126953125,-0.5185546875
4.1311249733,-0.0322265625,-0.05126953125,-0.5185546875
4.13711905479,-0.0322265625,-0.05126953125,-0.5185546875
4.14216995239,-0.041015625,-0.04296875,-0.5146484375
4.14827799797,-0.041015625,-0.04296875,-0.5146484375
4.15410399437,-0.041015625,-0.04296875,-0.5146484375
4.16023397446,-0.041015625,-0.04296875,-0.5146484375
4.16605591774,-0.041015625,-0.04296875,-0.5146484375
4.17203807831,-0.041015625,-0.04296875,-0.5146484375
4.17804694176,-0.041015625,-0.04296875,-0.5146484375
4.1841609478,-0.041015625,-0.04296875,-0.5146484375
4.19093394279,-0.041015625,-0.04296875,-0.5146484375
4.19701099396,-0.041015625,-0.04296875,-0.5146484375
4.20292210579,-0.041015625,-0.04296875,-0.5146484375
4.20892310143,-0.041015625,-0.04296875,-0.5146484375
4.21478104591,-0.041015625,-0.04296875,-0.5146484375
4.22077608109,-0.02783203125,-0.0322265625,-0.49755859375
4.22671294212,-0.02783203125,-0.0322265625,-0.49755859375
4.23269701004,-0.02783203125,-0.0322265625,-0.49755859375
4.23765587807,-0.02783203125,-0.0322265625,-0.49755859375
4.24354600906,-0.02783203125,-0.0322265625,-0.49755859375
4.24954199791,-0.02783203125,-0.0322265625,-0.49755859375
4.25554895401,-0.02783203125,-0.0322265625,-0.49755859375
4.26141905785,-0.02783203125,-0.0322265625,-0.49755859375
4.26742100716,-0.02783203125,-0.0322265625,-0.49755859375
4.27360796928,-0.02783203125,-0.0322265625,-0.49755859375
4.27965092659,-0.02783203125,-0.0322265625,-0.49755859375
4.28543305397,-0.02783203125,-0.0322265625,-0.49755859375
4.29142808914,-0.02783203125,-0.0322265625,-0.49755859375
4.29742193222,-0.03564453125,-0.0322265625,-0.49755859375
4.30341792107,-0.03564453125,-0.0322265625,-0.5107421875
4.30937099457,-0.03564453125,-0.0322265625,-0.5107421875
4.31529188156,-0.03564453125,-0.0322265625,-0.5107421875
4.32116889954,-0.03564453125,-0.0322265625,-0.5107421875
4.32623505592,-0.03564453125,-0.0322265625,-0.5107421875
4.33233904839,-0.03564453125,-0.0322265625,-0.5107421875
4.33813500404,-0.03564453125,-0.0322265625,-0.5107421875
4.34403991699,-0.03564453125,-0.0322265625,-0.5107421875
4.35001397133,-0.03564453125,-0.0322265625,-0.5107421875
4.35588502884,-0.03564453125,-0.0322265625,-0.5107421875
4.36188387871,-0.03564453125,-0.0322265625,-0.5107421875
4.36906290054,-0.03564453125,-0.0322265625,-0.5107421875
4.37493300438,-0.03564453125,-0.0322265625,-0.5107421875
4.38080811501,-0.02978515625,-0.0419921875,-0.51220703125
4.38679409027,-0.02978515625,-0.0419921875,-0.51220703125
4.39279699326,-0.02978515625,-0.0419921875,-0.51220703125
4.39879202843,-0.02978515625,-0.0419921875,-0.51220703125
4.4046459198,-0.02978515625,-0.0419921875,-0.51220703125
4.41078090668,-0.02978515625,-0.0419921875,-0.51220703125
4.4167509079,-0.02978515625,-0.0419921875,-0.51220703125
4.42262887955,-0.02978515625,-0.0419921875,-0.51220703125
4.42766499519,-0.02978515625,-0.0419921875,-0.51220703125
4.43375706673,-0.02978515625,-0.0419921875,-0.51220703125
4.43965005875,-0.02978515625,-0.0419921875,-0.51220703125
4.44576191902,-0.02978515625,-0.0419921875,-0.51220703125
4.45162510872,-0.02978515625,-0.0419921875,-0.51220703125
4.45757007599,-0.03076171875,-0.0322265625,-0.50390625
4.46353197098,-0.03076171875,-0.0322265625,-0.50390625
4.4695250988,-0.03076171875,-0.0322265625,-0.50390625
4.47541189194,-0.03076171875,-0.0322265625,-0.50390625
4.48138403893,-0.03076171875,-0.0322265625,-0.50390625
4.48739695549,-0.03076171875,-0.0322265625,-0.50390625
4.49357795715,-0.03076171875,-0.0322265625,-0.50390625
4.49923110008,-0.03076171875,-0.0322265625,-0.50390625
4.50523900986,-0.03076171875,-0.0322265625,-0.50390625
4.51119709015,-0.03076171875,-0.0322265625,-0.50390625
4.51627802849,-0.03076171875,-0.0322265625,-0.50390625
4.52226805687,-0.03076171875,-0.0322265625,-0.50390625
4.52817893028,-0.03076171875,-0.0322265625,-0.50390625
4.53404808044,-0.03076171875,-0.0322265625,-0.50390625
4.54103708267,-0.04052734375,-0.041015625,-0.51025390625
4.546916008,-0.04052734375,-0.041015625,-0.51025390625
4.55303502083,-0.04052734375,-0.041015625,-0.51025390625
4.5591199398,-0.04052734375,-0.041015625,-0.51025390625
4.56494402885,-0.04052734375,-0.041015625,-0.51025390625
4.57095694542,-0.04052734375,-0.041015625,-0.51025390625
4.5769610405,-0.04052734375,-0.041015625,-0.51025390625
4.58294391632,-0.04052734375,-0.041015625,-0.51025390625
4.5889980793,-0.04052734375,-0.041015625,-0.51025390625
4.59483408928,-0.04052734375,-0.041015625,-0.51025390625
4.60081791878,-0.04052734375,-0.041015625,-0.51025390625
4.60679292679,-0.04052734375,-0.041015625,-0.51025390625
4.61183309555,-0.04052734375,-0.041015625,-0.51025390625
4.61791491508,-0.0302734375,-0.03369140625,-0.50537109375
4.62370991707,-0.0302734375,-0.03369140625,-0.50537109375
4.6296980381,-0.0302734375,-0.03369140625,-0.50537109375
4.63557696342,-0.0302734375,-0.03369140625,-0.50537109375
4.64157795906,-0.0302734375,-0.03369140625,-0.50537109375
4.6478099823,-0.0302734375,-0.03369140625,-0.50537109375
4.6535410881,-0.0302734375,-0.03369140625,-0.50537109375
4.65939807892,-0.0302734375,-0.03369140625,-0.50537109375
4.66536402702,-0.0302734375,-0.03369140625,-0.50537109375
4.67129802704,-0.0302734375,-0.03369140625,-0.50537109375
4.67731809616,-0.0302734375,-0.03369140625,-0.50537109375
4.68317508698,-0.0302734375,-0.03369140625,-0.50537109375
4.68930006027,-0.0302734375,-0.03369140625,-0.50537109375
4.69525504112,-0.0302734375,-0.03369140625,-0.50537109375
4.70124697685,-0.0302734375,-0.0390625,-0.50341796875
4.7061920166,-0.0302734375,-0.0390625,-0.50341796875
4.71325111389,-0.0302734375,-0.0390625,-0.50341796875
4.71916890144,-0.0302734375,-0.0390625,-0.50341796875
4.72516489029,-0.0302734375,-0.0390625,-0.50341796875
4.73098301888,-0.0302734375,-0.0390625,-0.50341796875
4.73691701889,-0.0302734375,-0.0390625,-0.50341796875
4.74302506447,-0.0302734375,-0.0390625,-0.50341796875
4.74891591072,-0.0302734375,-0.0390625,-0.50341796875
4.75477790833,-0.0302734375,-0.0390625,-0.50341796875
4.76077890396,-0.0302734375,-0.0390625,-0.50341796875
4.76678490639,-0.0302734375,-0.0390625,-0.50341796875
4.77278494835,-0.0302734375,-0.0390625,-0.50341796875
4.77865099907,-0.02880859375,-0.03955078125,-0.5224609375
4.78464007378,-0.02880859375,-0.03955078125,-0.5224609375
4.79065203667,-0.02880859375,-0.03955078125,-0.5224609375
4.79660201073,-0.02880859375,-0.03955078125,-0.5224609375
4.80155992508,-0.02880859375,-0.03955078125,-0.5224609375
4.80753707886,-0.02880859375,-0.03955078125,-0.5224609375
4.81353402138,-0.02880859375,-0.03955078125,-0.5224609375
4.81954097748,-0.02880859375,-0.03955078125,-0.5224609375
4.82541704178,-0.02880859375,-0.03955078125,-0.5224609375
4.83143997192,-0.02880859375,-0.03955078125,-0.5224609375
4.8374209404,-0.02880859375,-0.03955078125,-0.5224609375
4.84341406822,-0.02880859375,-0.03955078125,-0.5224609375
4.84928488731,-0.02880859375,-0.03955078125,-0.5224609375
4.85529708862,-0.02685546875,-0.0400390625,-0.5224609375
4.86147689819,-0.02685546875,-0.0400390625,-0.5166015625
4.86728596687,-0.02685546875,-0.0400390625,-0.5166015625
4.87314295769,-0.02685546875,-0.0400390625,-0.5166015625
4.87913608551,-0.02685546875,-0.0400390625,-0.5166015625
4.8861310482,-0.02685546875,-0.0400390625,-0.5166015625
4.89232206345,-0.02685546875,-0.0400390625,-0.5166015625
4.89807510376,-0.02685546875,-0.0400390625,-0.5166015625
4.90311694145,-0.02685546875,-0.0400390625,-0.5166015625
4.90898990631,-0.02685546875,-0.0400390625,-0.5166015625
4.9149889946,-0.02685546875,-0.0400390625,-0.5166015625
4.92089796066,-0.02685546875,-0.0400390625,-0.5166015625
4.92691707611,-0.02685546875,-0.0400390625,-0.5166015625
4.93290996552,-0.02685546875,-0.0400390625,-0.5166015625
4.93890500069,-0.02685546875,-0.0400390625,-0.509765625
4.94478106499,-0.02685546875,-0.0400390625,-0.509765625
4.95075106621,-0.02685546875,-0.0400390625,-0.509765625
4.95678091049,-0.02685546875,-0.0400390625,-0.509765625
4.96274805069,-0.02685546875,-0.0400390625,-0.509765625
4.96863007545,-0.02685546875,-0.0400390625,-0.509765625
4.97462201118,-0.02685546875,-0.0400390625,-0.509765625
4.98061394691,-0.02685546875,-0.0400390625,-0.509765625
4.98650789261,-0.02685546875,-0.0400390625,-0.509765625
4.9924800396,-0.02685546875,-0.0400390625,-0.509765625
4.9975399971,-0.02685546875,-0.0400390625,-0.509765625
5.00354290009,-0.02685546875,-0.0400390625,-0.509765625
5.00953197479,-0.02685546875,-0.0400390625,-0.509765625
5.01549696922,-0.0322265625,-0.04150390625,-0.5107421875
5.02141404152,-0.0322265625,-0.04150390625,-0.5107421875
5.02742290497,-0.0322265625,-0.04150390625,-0.5107421875
5.03340888023,-0.0322265625,-0.04150390625,-0.5107421875
5.03929901123,-0.0322265625,-0.04150390625,-0.5107421875
5.04527688026,-0.0322265625,-0.04150390625,-0.5107421875
5.05129408836,-0.0322265625,-0.04150390625,-0.5107421875
5.05735898018,-0.0322265625,-0.04150390625,-0.5107421875
5.06429195404,-0.0322265625,-0.04150390625,-0.5107421875
5.07028698921,-0.0322265625,-0.04150390625,-0.5107421875
5.07623910904,-0.0322265625,-0.04150390625,-0.5107421875
5.08214306831,-0.0322265625,-0.04150390625,-0.5107421875
5.08814406395,-0.0322265625,-0.04150390625,-0.5107421875
5.09398698807,-0.0322265625,-0.04150390625,-0.5107421875
5.09904909134,-0.0322265625,-0.03466796875,-0.50634765625
5.10503005981,-0.0322265625,-0.03466796875,-0.50634765625
5.11113095284,-0.0322265625,-0.03466796875,-0.50634765625
5.11703300476,-0.0322265625,-0.03466796875,-0.50634765625
5.12288498878,-0.0322265625,-0.03466796875,-0.50634765625
5.12888598442,-0.0322265625,-0.03466796875,-0.50634765625
5.13476610184,-0.0322265625,-0.03466796875,-0.50634765625
5.14086508751,-0.0322265625,-0.03466796875,-0.50634765625
5.14676499367,-0.0322265625,-0.03466796875,-0.50634765625
5.15276694298,-0.0322265625,-0.03466796875,-0.50634765625
5.15865397453,-0.0322265625,-0.03466796875,-0.50634765625
5.16463589668,-0.0322265625,-0.03466796875,-0.50634765625
5.17077302933,-0.0322265625,-0.03466796875,-0.50634765625
5.1764960289,-0.0341796875,-0.0380859375,-0.5068359375
5.18248105049,-0.0341796875,-0.0380859375,-0.5068359375
5.18752408028,-0.0341796875,-0.0380859375,-0.5068359375
5.19351792336,-0.0341796875,-0.0380859375,-0.5068359375
5.19951796532,-0.0341796875,-0.0380859375,-0.5068359375
5.20542287827,-0.0341796875,-0.0380859375,-0.5068359375
5.21134901047,-0.0341796875,-0.0380859375,-0.5068359375
5.21741104126,-0.0341796875,-0.0380859375,-0.5068359375
5.22337508202,-0.0341796875,-0.0380859375,-0.5068359375
5.22924494743,-0.0341796875,-0.0380859375,-0.5068359375
5.23638606071,-0.0341796875,-0.0380859375,-0.5068359375
5.24240899086,-0.0341796875,-0.0380859375,-0.5068359375
5.24833607674,-0.0341796875,-0.0380859375,-0.5068359375
5.25428891182,-0.02392578125,-0.04052734375,-0.5068359375
5.2602519989,-0.02392578125,-0.04052734375,-0.5068359375
5.26633095741,-0.02392578125,-0.04052734375,-0.5068359375
5.27220511436,-0.02392578125,-0.04052734375,-0.5068359375
5.27826595306,-0.02392578125,-0.04052734375,-0.5068359375
5.28327488899,-0.02392578125,-0.04052734375,-0.5068359375
5.28903603554,-0.02392578125,-0.04052734375,-0.5068359375
5.29503798485,-0.02392578125,-0.04052734375,-0.5068359375
5.30091691017,-0.02392578125,-0.04052734375,-0.5068359375
5.30691504478,-0.02392578125,-0.04052734375,-0.5068359375
5.31290698051,-0.02392578125,-0.04052734375,-0.5068359375
5.3189060688,-0.02392578125,-0.04052734375,-0.5068359375
5.32503008842,-0.02392578125,-0.04052734375,-0.5068359375
5.33100605011,-0.02392578125,-0.04052734375,-0.5068359375
5.33672094345,-0.0283203125,-0.03955078125,-0.51513671875
5.34274411201,-0.0283203125,-0.03955078125,-0.51513671875
5.34878396988,-0.0283203125,-0.03955078125,-0.51513671875
5.35505199432,-0.0283203125,-0.03955078125,-0.51513671875
5.36066699028,-0.0283203125,-0.03955078125,-0.51513671875
5.36664390564,-0.0283203125,-0.03955078125,-0.51513671875
5.37265992165,-0.0283203125,-0.03955078125,-0.51513671875
5.37861800194,-0.0283203125,-0.03955078125,-0.51513671875
5.38359498978,-0.0283203125,-0.03955078125,-0.51513671875
5.38954496384,-0.0283203125,-0.03955078125,-0.51513671875
5.39554095268,-0.0283203125,-0.03955078125,-0.51513671875
5.4015378952,-0.0283203125,-0.03955078125,-0.51513671875
5.40844392776,-0.0283203125,-0.03955078125,-0.51513671875
5.41443490982,-0.02978515625,-0.02880859375,-0.49951171875
5.4204120636,-0.02978515625,-0.02880859375,-0.49951171875
5.42639994621,-0.02978515625,-0.02880859375,-0.49951171875
5.43228697777,-0.02978515625,-0.02880859375,-0.49951171875
5.43828511238,-0.02978515625,-0.02880859375,-0.49951171875
5.44418907166,-0.02978515625,-0.02880859375,-0.49951171875
5.4501709938,-0.02978515625,-0.02880859375,-0.49951171875
5.45617794991,-0.02978515625,-0.02880859375,-0.49951171875
5.46227288246,-0.02978515625,-0.02880859375,-0.49951171875
5.46836996078,-0.02978515625,-0.02880859375,-0.49951171875
5.47414398193,-0.02978515625,-0.02880859375,-0.49951171875
5.48004293442,-0.02978515625,-0.02880859375,-0.49951171875
5.48500299454,-0.02978515625,-0.02880859375,-0.49951171875
5.49104809761,-0.02978515625,-0.02880859375,-0.49951171875
5.49699687958,-0.02685546875,-0.03076171875,-0.50439453125
5.50298690796,-0.02685546875,-0.03076171875,-0.50439453125
5.50906705856,-0.02685546875,-0.03076171875,-0.50439453125
5.51486706734,-0.02685546875,-0.03076171875,-0.50439453125
5.5208940506,-0.02685546875,-0.03076171875,-0.50439453125
5.52687907219,-0.02685546875,-0.03076171875,-0.50439453125
5.532736063,-0.02685546875,-0.03076171875,-0.50439453125
5.53900694847,-0.02685546875,-0.03076171875,-0.50439453125
5.54473900795,-0.02685546875,-0.03076171875,-0.50439453125
5.55073189735,-0.02685546875,-0.03076171875,-0.50439453125
5.55675196648,-0.02685546875,-0.03076171875,-0.50439453125
5.56257796288,-0.02685546875,-0.03076171875,-0.50439453125
5.56859588623,-0.02685546875,-0.03076171875,-0.50439453125
5.57448101044,-0.021484375,-0.037109375,-0.5107421875
5.58135294914,-0.021484375,-0.037109375,-0.5107421875
5.58640789986,-0.021484375,-0.037109375,-0.5107421875
5.59240794182,-0.021484375,-0.037109375,-0.5107421875
5.59861588478,-0.021484375,-0.037109375,-0.5107421875
5.60443902016,-0.021484375,-0.037109375,-0.5107421875
5.61040902138,-0.021484375,-0.037109375,-0.5107421875
5.61641192436,-0.021484375,-0.037109375,-0.5107421875
5.62239098549,-0.021484375,-0.037109375,-0.5107421875
5.62828993797,-0.021484375,-0.037109375,-0.5107421875
5.63432407379,-0.021484375,-0.037109375,-0.5107421875
5.64028501511,-0.021484375,-0.037109375,-0.5107421875
5.64626193047,-0.021484375,-0.037109375,-0.5107421875
5.65223503113,-0.0244140625,-0.037109375,-0.5107421875
5.65823197365,-0.0244140625,-0.0390625,-0.50048828125
5.66418790817,-0.0244140625,-0.0390625,-0.50048828125
5.67010807991,-0.0244140625,-0.0390625,-0.50048828125
5.67590999603,-0.0244140625,-0.0390625,-0.50048828125
5.68104696274,-0.0244140625,-0.0390625,-0.50048828125
5.68701910973,-0.0244140625,-0.0390625,-0.50048828125
5.69326901436,-0.0244140625,-0.0390625,-0.50048828125
5.69901895523,-0.0244140625,-0.0390625,-0.50048828125
5.70477700233,-0.0244140625,-0.0390625,-0.50048828125
5.71078491211,-0.0244140625,-0.0390625,-0.50048828125
5.71677708626,-0.0244140625,-0.0390625,-0.50048828125
5.72284507751,-0.0244140625,-0.0390625,-0.50048828125
5.72865390778,-0.0244140625,-0.0390625,-0.50048828125
5.73466110229,-0.0302734375,-0.02783203125,-0.5048828125
5.74081707001,-0.0302734375,-0.02783203125,-0.5048828125
5.74678111076,-0.0302734375,-0.02783203125,-0.5048828125
5.75260996819,-0.0302734375,-0.02783203125,-0.5048828125
5.7596719265,-0.0302734375,-0.02783203125,-0.5048828125
5.76558089256,-0.0302734375,-0.02783203125,-0.5048828125
5.77157497406,-0.0302734375,-0.02783203125,-0.5048828125
5.77734589577,-0.0302734375,-0.02783203125,-0.5048828125
5.78335499763,-0.0302734375,-0.02783203125,-0.5048828125
5.78837203979,-0.0302734375,-0.02783203125,-0.5048828125
5.79436993599,-0.0302734375,-0.02783203125,-0.5048828125
5.80024504662,-0.0302734375,-0.02783203125,-0.5048828125
5.80624294281,-0.0302734375,-0.02783203125,-0.5048828125
5.812251091,-0.0283203125,-0.0390625,-0.52099609375
5.81813693047,-0.0283203125,-0.0390625,-0.52099609375
5.82438206673,-0.0283203125,-0.0390625,-0.52099609375
5.83028101921,-0.0283203125,-0.0390625,-0.52099609375
5.83632302284,-0.0283203125,-0.0390625,-0.52099609375
5.84217596054,-0.0283203125,-0.0390625,-0.52099609375
5.8482298851,-0.0283203125,-0.0390625,-0.52099609375
5.85413098335,-0.0283203125,-0.0390625,-0.52099609375
5.86000490189,-0.0283203125,-0.0390625,-0.52099609375
5.86599993706,-0.0283203125,-0.0390625,-0.52099609375
5.87184810638,-0.0283203125,-0.0390625,-0.52099609375
5.87785100937,-0.0283203125,-0.0390625,-0.52099609375
5.88291406631,-0.0283203125,-0.0390625,-0.52099609375
5.88890194893,-0.0283203125,-0.0390625,-0.52099609375
5.89477300644,-0.033203125,-0.04052734375,-0.513671875
5.90074396133,-0.033203125,-0.04052734375,-0.513671875
5.90681409836,-0.033203125,-0.04052734375,-0.513671875
5.91275596619,-0.033203125,-0.04052734375,-0.513671875
5.91862106323,-0.033203125,-0.04052734375,-0.513671875
5.92461895943,-0.033203125,-0.04052734375,-0.513671875
5.93165111542,-0.033203125,-0.04052734375,-0.513671875
5.9377450943,-0.033203125,-0.04052734375,-0.513671875
