0.00500893592834,-0.0078125,-0.01416015625,-0.517578125
0.0110070705414,-0.0078125,-0.01416015625,-0.517578125
0.0158860683441,-0.0078125,-0.01416015625,-0.517578125
0.0218820571899,-0.0078125,-0.01416015625,-0.517578125
0.0267629623413,-0.0078125,-0.01416015625,-0.517578125
0.0329179763794,-0.0078125,-0.01416015625,-0.517578125
0.038360118866,-0.0078125,-0.01416015625,-0.517578125
0.0437049865723,-0.0078125,-0.01416015625,-0.517578125
0.0486791133881,-0.0078125,-0.01416015625,-0.517578125
0.0546669960022,-0.0078125,-0.01416015625,-0.517578125
0.0624949932098,-0.009765625,-0.02001953125,-0.513671875
0.0655419826508,-0.009765625,-0.02001953125,-0.513671875
0.0715339183807,-0.009765625,-0.02001953125,-0.513671875
0.0776560306549,-0.009765625,-0.02001953125,-0.513671875
0.0825390815735,-0.009765625,-0.02001953125,-0.513671875
0.0888109207153,-0.009765625,-0.02001953125,-0.513671875
0.0947511196136,-0.009765625,-0.02001953125,-0.513671875
0.099415063858,-0.009765625,-0.02001953125,-0.513671875
0.104398012161,-0.009765625,-0.02001953125,-0.513671875
0.110296964645,-0.009765625,-0.02001953125,-0.513671875
0.115274906158,-0.009765625,-0.02001953125,-0.513671875
0.121393918991,-0.009765625,-0.02001953125,-0.513671875
0.127223014832,-0.009765625,-0.02001953125,-0.513671875
0.132151126862,-0.009765625,-0.02001953125,-0.513671875
0.138130903244,-0.0126953125,-0.0146484375,-0.5107421875
0.143176078796,-0.0126953125,-0.0146484375,-0.5107421875
0.14911699295,-0.0126953125,-0.0146484375,-0.5107421875
0.154175043106,-0.0126953125,-0.0146484375,-0.5107421875
0.160102128983,-0.0126953125,-0.0146484375,-0.5107421875
0.165009975433,-0.0126953125,-0.0146484375,-0.5107421875
0.170993089676,-0.0126953125,-0.0146484375,-0.5107421875
0.176018953323,-0.0126953125,-0.0146484375,-0.5107421875
0.182229042053,-0.0126953125,-0.0146484375,-0.5107421875
0.186890125275,-0.0126953125,-0.0146484375,-0.5107421875
0.192867040634,-0.0126953125,-0.0146484375,-0.5107421875
0.197902917862,-0.0126953125,-0.0146484375,-0.5107421875
0.203733921051,-0.0126953125,-0.0146484375,-0.5107421875
0.208768129349,-0.0126953125,-0.0146484375,-0.5107421875
0.214788913727,-0.0126953125,-0.0146484375,-0.5107421875
0.219761133194,-0.01025390625,-0.015625,-0.50732421875
0.225624084473,-0.01025390625,-0.015625,-0.50732421875
0.231647968292,-0.01025390625,-0.015625,-0.50732421875
0.237698078156,-0.01025390625,-0.015625,-0.50732421875
0.242687940598,-0.01025390625,-0.015625,-0.50732421875
0.248800992966,-0.01025390625,-0.015625,-0.50732421875
0.253709077835,-0.01025390625,-0.015625,-0.50732421875
0.259575128555,-0.01025390625,-0.015625,-0.50732421875
0.264600992203,-0.01025390625,-0.015625,-0.50732421875
0.270570039749,-0.01025390625,-0.015625,-0.50732421875
0.275406122208,-0.01025390625,-0.015625,-0.50732421875
0.281466960907,-0.01025390625,-0.015625,-0.50732421875
0.286438941956,-0.01025390625,-0.015625,-0.50732421875
0.292484998703,-0.01025390625,-0.015625,-0.50732421875
0.297341108322,-0.01123046875,-0.01416015625,-0.51220703125
0.303357124329,-0.01123046875,-0.01416015625,-0.51220703125
0.308284044266,-0.01123046875,-0.01416015625,-0.51220703125
0.31427693367,-0.01123046875,-0.01416015625,-0.51220703125
0.319272041321,-0.01123046875,-0.01416015625,-0.51220703125
0.32514500618,-0.01123046875,-0.01416015625,-0.51220703125
0.330142974854,-0.01123046875,-0.01416015625,-0.51220703125
0.336455106735,-0.01123046875,-0.01416015625,-0.51220703125
0.341145992279,-0.01123046875,-0.01416015625,-0.51220703125
0.347141027451,-0.01123046875,-0.01416015625,-0.51220703125
0.352137088776,-0.01123046875,-0.01416015625,-0.51220703125
0.358084917068,-0.01123046875,-0.01416015625,-0.51220703125
0.364017009735,-0.01123046875,-0.01416015625,-0.51220703125
0.369918107986,-0.01123046875,-0.01416015625,-0.51220703125
0.374972105026,-0.01220703125,-0.01416015625,-0.51220703125
0.380005121231,-0.01220703125,-0.0107421875,-0.51025390625
0.385987997055,-0.01220703125,-0.0107421875,-0.51025390625
0.391005039215,-0.01220703125,-0.0107421875,-0.51025390625
0.397803068161,-0.01220703125,-0.0107421875,-0.51025390625
0.402883052826,-0.01220703125,-0.0107421875,-0.51025390625
0.408869028091,-0.01220703125,-0.0107421875,-0.51025390625
0.413758039474,-0.01220703125,-0.0107421875,-0.51025390625
0.419622898102,-0.01220703125,-0.0107421875,-0.51025390625
0.424654960632,-0.01220703125,-0.0107421875,-0.51025390625
0.430767059326,-0.01220703125,-0.0107421875,-0.51025390625
0.435703039169,-0.01220703125,-0.0107421875,-0.51025390625
0.441543102264,-0.01220703125,-0.0107421875,-0.51025390625
0.446540117264,-0.01220703125,-0.0107421875,-0.51025390625
0.4525411129,-0.01220703125,-0.0107421875,-0.51025390625
0.457545995712,-0.0087890625,-0.01416015625,-0.509765625
0.463423013687,-0.0087890625,-0.01416015625,-0.509765625
0.468416929245,-0.0087890625,-0.01416015625,-0.509765625
0.474411010742,-0.0087890625,-0.01416015625,-0.509765625
0.479558944702,-0.0087890625,-0.01416015625,-0.509765625
0.485615968704,-0.0087890625,-0.01416015625,-0.509765625
0.490355968475,-0.0087890625,-0.01416015625,-0.509765625
0.496403932571,-0.0087890625,-0.01416015625,-0.509765625
0.501379966736,-0.0087890625,-0.01416015625,-0.509765625
0.507378101349,-0.0087890625,-0.01416015625,-0.509765625
0.512274026871,-0.0087890625,-0.01416015625,-0.509765625
0.518260002136,-0.0087890625,-0.01416015625,-0.509765625
0.523407936096,-0.0087890625,-0.01416015625,-0.509765625
0.529242038727,-0.0087890625,-0.01416015625,-0.509765625
0.53425693512,-0.01318359375,-0.0107421875,-0.509765625
0.54021692276,-0.01318359375,-0.0107421875,-0.509765625
0.546075105667,-0.01318359375,-0.0107421875,-0.509765625
0.551156997681,-0.01318359375,-0.0107421875,-0.509765625
0.557989120483,-0.01318359375,-0.0107421875,-0.509765625
0.562985897064,-0.01318359375,-0.0107421875,-0.509765625
0.568975925446,-0.01318359375,-0.0107421875,-0.509765625
0.5739839077,-0.01318359375,-0.0107421875,-0.509765625
0.579936981201,-0.01318359375,-0.0107421875,-0.509765625
0.584944963455,-0.01318359375,-0.0107421875,-0.509765625
0.590800046921,-0.01318359375,-0.0107421875,-0.509765625
0.595794916153,-0.01318359375,-0.0107421875,-0.509765625
0.601761102676,-0.01318359375,-0.0107421875,-0.509765625
0.606667041779,-0.01318359375,-0.0107421875,-0.509765625
0.612782001495,-0.01318359375,-0.0107421875,-0.509765625
0.617746114731,-0.0107421875,-0.01123046875,-0.50732421875
0.623711109161,-0.0107421875,-0.01123046875,-0.50732421875
0.62868309021,-0.0107421875,-0.01123046875,-0.50732421875
0.634550094604,-0.0107421875,-0.01123046875,-0.50732421875
0.639528036118,-0.0107421875,-0.01123046875,-0.50732421875
0.646078109741,-0.0107421875,-0.01123046875,-0.50732421875
0.650639057159,-0.0107421875,-0.01123046875,-0.50732421875
0.656399011612,-0.0107421875,-0.01123046875,-0.50732421875
0.661394119263,-0.0107421875,-0.01123046875,-0.50732421875
0.667414903641,-0.0107421875,-0.01123046875,-0.50732421875
0.672395944595,-0.0107421875,-0.01123046875,-0.50732421875
0.678409099579,-0.0107421875,-0.01123046875,-0.50732421875
0.683260917664,-0.0107421875,-0.01123046875,-0.50732421875
0.689265012741,-0.0107421875,-0.01123046875,-0.50732421875
0.694261074066,-0.01220703125,-0.01220703125,-0.5185546875
0.700262069702,-0.01220703125,-0.01220703125,-0.5185546875
0.70533490181,-0.01220703125,-0.01220703125,-0.5185546875
0.711364984512,-0.01220703125,-0.01220703125,-0.5185546875
0.717301130295,-0.01220703125,-0.01220703125,-0.5185546875
0.723315954208,-0.01220703125,-0.01220703125,-0.5185546875
0.728184938431,-0.01220703125,-0.01220703125,-0.5185546875
0.734163045883,-0.01220703125,-0.01220703125,-0.5185546875
0.740006923676,-0.01220703125,-0.01220703125,-0.5185546875
0.745049953461,-0.01220703125,-0.01220703125,-0.5185546875
0.750880002975,-0.01220703125,-0.01220703125,-0.5185546875
0.755926132202,-0.01220703125,-0.01220703125,-0.5185546875
0.76188492775,-0.01220703125,-0.01220703125,-0.5185546875
0.766987085342,-0.01220703125,-0.01220703125,-0.5185546875
0.772753000259,-0.0107421875,-0.01220703125,-0.5185546875
0.77779507637,-0.0107421875,-0.005859375,-0.50830078125
0.783765077591,-0.0107421875,-0.005859375,-0.50830078125
0.78879904747,-0.0107421875,-0.005859375,-0.50830078125
0.794749975204,-0.0107421875,-0.005859375,-0.50830078125
0.799710988998,-0.0107421875,-0.005859375,-0.50830078125
0.805650949478,-0.0107421875,-0.005859375,-0.50830078125
0.810637950897,-0.0107421875,-0.005859375,-0.50830078125
0.816637039185,-0.0107421875,-0.005859375,-0.50830078125
0.821512937546,-0.0107421875,-0.005859375,-0.50830078125
0.827841997147,-0.0107421875,-0.005859375,-0.50830078125
0.832523107529,-0.0107421875,-0.005859375,-0.50830078125
0.838521957397,-0.0107421875,-0.005859375,-0.50830078125
0.843516111374,-0.0107421875,-0.005859375,-0.50830078125
0.849411964417,-0.0107421875,-0.005859375,-0.50830078125
0.854423999786,-0.009765625,-0.01171875,-0.51220703125
0.860492944717,-0.009765625,-0.01171875,-0.51220703125
0.865432977676,-0.009765625,-0.01171875,-0.51220703125
0.871304988861,-0.009765625,-0.01171875,-0.51220703125
0.877309083939,-0.009765625,-0.01171875,-0.51220703125
0.883310079575,-0.009765625,-0.01171875,-0.51220703125
0.888283014297,-0.009765625,-0.01171875,-0.51220703125
0.894176959991,-0.009765625,-0.01171875,-0.51220703125
0.899169921875,-0.009765625,-0.01171875,-0.51220703125
0.905182123184,-0.009765625,-0.01171875,-0.51220703125
0.910178899765,-0.009765625,-0.01171875,-0.51220703125
0.916177034378,-0.009765625,-0.01171875,-0.51220703125
0.921267986298,-0.009765625,-0.01171875,-0.51220703125
0.927052021027,-0.009765625,-0.01171875,-0.51220703125
0.932999134064,-0.00732421875,-0.01416015625,-0.5107421875
0.938137054443,-0.00732421875,-0.01416015625,-0.5107421875
0.944011926651,-0.00732421875,-0.01416015625,-0.5107421875
0.948991060257,-0.00732421875,-0.01416015625,-0.5107421875
0.954971075058,-0.00732421875,-0.01416015625,-0.5107421875
0.959995031357,-0.00732421875,-0.01416015625,-0.5107421875
0.965860128403,-0.00732421875,-0.01416015625,-0.5107421875
0.97089099884,-0.00732421875,-0.01416015625,-0.5107421875
0.976856946945,-0.00732421875,-0.01416015625,-0.5107421875
0.981852054596,-0.00732421875,-0.01416015625,-0.5107421875
0.987785100937,-0.00732421875,-0.01416015625,-0.5107421875
0.992751121521,-0.00732421875,-0.01416015625,-0.5107421875
0.998748064041,-0.00732421875,-0.01416015625,-0.5107421875
1.00378894806,-0.00732421875,-0.01416015625,-0.5107421875
1.00974297523,-0.00732421875,-0.01416015625,-0.5107421875
1.01455307007,-0.00732421875,-0.01123046875,-0.509765625
1.02054691315,-0.00732421875,-0.01123046875,-0.509765625
1.02555012703,-0.00732421875,-0.01123046875,-0.509765625
1.03155112267,-0.00732421875,-0.01123046875,-0.509765625
1.03741502762,-0.00732421875,-0.01123046875,-0.509765625
1.04342293739,-0.00732421875,-0.01123046875,-0.509765625
1.04841589928,-0.00732421875,-0.01123046875,-0.509765625
1.05458307266,-0.00732421875,-0.01123046875,-0.509765625
1.05958008766,-0.00732421875,-0.01123046875,-0.509765625
1.06541705132,-0.00732421875,-0.01123046875,-0.509765625
1.07049298286,-0.00732421875,-0.01123046875,-0.509765625
1.07648706436,-0.00732421875,-0.01123046875,-0.509765625
1.08141708374,-0.00732421875,-0.01123046875,-0.509765625
1.0872631073,-0.00732421875,-0.01123046875,-0.509765625
1.09222197533,-0.01025390625,-0.01025390625,-0.51904296875
1.0982530117,-0.01025390625,-0.01025390625,-0.51904296875
1.10418009758,-0.01025390625,-0.01025390625,-0.51904296875
1.10926795006,-0.01025390625,-0.01025390625,-0.51904296875
1.11424994469,-0.01025390625,-0.01025390625,-0.51904296875
1.12011003494,-0.01025390625,-0.01025390625,-0.51904296875
1.12607312202,-0.01025390625,-0.01025390625,-0.51904296875
1.13101696968,-0.01025390625,-0.01025390625,-0.51904296875
1.13767910004,-0.01025390625,-0.01025390625,-0.51904296875
1.14200592041,-0.01025390625,-0.01025390625,-0.51904296875
1.14796900749,-0.01025390625,-0.01025390625,-0.51904296875
1.15302491188,-0.01025390625,-0.01025390625,-0.51904296875
1.15876102448,-0.01025390625,-0.01025390625,-0.51904296875
1.16380596161,-0.01025390625,-0.01025390625,-0.51904296875
1.16977190971,-0.01025390625,-0.01025390625,-0.51904296875
1.17479300499,-0.01416015625,-0.01318359375,-0.51953125
1.18064689636,-0.01416015625,-0.01318359375,-0.51953125
1.18567705154,-0.01416015625,-0.01318359375,-0.51953125
1.19163393974,-0.01416015625,-0.01318359375,-0.51953125
1.19741511345,-0.01416015625,-0.01318359375,-0.51953125
1.20351409912,-0.01416015625,-0.01318359375,-0.51953125
1.20853805542,-0.01416015625,-0.01318359375,-0.51953125
1.21452403069,-0.01416015625,-0.01318359375,-0.51953125
1.21949791908,-0.01416015625,-0.01318359375,-0.51953125
1.22536993027,-0.01416015625,-0.01318359375,-0.51953125
1.23039603233,-0.01416015625,-0.01318359375,-0.51953125
1.23637604713,-0.01416015625,-0.01318359375,-0.51953125
1.24136900902,-0.01416015625,-0.01318359375,-0.51953125
1.24737501144,-0.01416015625,-0.01318359375,-0.51953125
1.25223994255,-0.00830078125,-0.005859375,-0.50341796875
1.25852704048,-0.00830078125,-0.005859375,-0.50341796875
1.26327610016,-0.00830078125,-0.005859375,-0.50341796875
1.26927995682,-0.00830078125,-0.005859375,-0.50341796875
1.27508997917,-0.00830078125,-0.005859375,-0.50341796875
1.28012013435,-0.00830078125,-0.005859375,-0.50341796875
1.28610610962,-0.00830078125,-0.005859375,-0.50341796875
1.29140496254,-0.00830078125,-0.005859375,-0.50341796875
1.29708909988,-0.00830078125,-0.005859375,-0.50341796875
1.30217909813,-0.00830078125,-0.005859375,-0.50341796875
1.30798506737,-0.00830078125,-0.005859375,-0.50341796875
1.31301403046,-0.00830078125,-0.005859375,-0.50341796875
1.31889295578,-0.00830078125,-0.005859375,-0.50341796875
1.3238940239,-0.00830078125,-0.005859375,-0.50341796875
1.32999801636,-0.01171875,-0.005859375,-0.50341796875
1.33504605293,-0.01171875,-0.005859375,-0.5126953125
1.34085893631,-0.01171875,-0.005859375,-0.5126953125
1.34598398209,-0.01171875,-0.005859375,-0.5126953125
1.35215306282,-0.01171875,-0.005859375,-0.5126953125
1.35683298111,-0.01171875,-0.005859375,-0.5126953125
1.36392307281,-0.01171875,-0.005859375,-0.5126953125
1.36880207062,-0.01171875,-0.005859375,-0.5126953125
1.37480998039,-0.01171875,-0.005859375,-0.5126953125
1.37979197502,-0.01171875,-0.005859375,-0.5126953125
1.38581991196,-0.01171875,-0.005859375,-0.5126953125
1.3907968998,-0.01171875,-0.005859375,-0.5126953125
1.39666795731,-0.01171875,-0.005859375,-0.5126953125
1.40168595314,-0.01171875,-0.005859375,-0.5126953125
1.4076230526,-0.01171875,-0.005859375,-0.5126953125
1.4126329422,-0.01171875,-0.01318359375,-0.5126953125
1.41856193542,-0.01171875,-0.01318359375,-0.5126953125
1.423568964,-0.01171875,-0.01318359375,-0.5126953125
1.42949295044,-0.01171875,-0.01318359375,-0.5126953125
1.43442106247,-0.01171875,-0.01318359375,-0.5126953125
1.44029712677,-0.01171875,-0.01318359375,-0.5126953125
1.44624304771,-0.01171875,-0.01318359375,-0.5126953125
1.45129990578,-0.01171875,-0.01318359375,-0.5126953125
1.45725011826,-0.01171875,-0.01318359375,-0.5126953125
1.4621720314,-0.01171875,-0.01318359375,-0.5126953125
1.46826410294,-0.01171875,-0.01318359375,-0.5126953125
1.47326493263,-0.01171875,-0.01318359375,-0.5126953125
1.47924900055,-0.01171875,-0.01318359375,-0.5126953125
1.48430395126,-0.01171875,-0.01318359375,-0.5126953125
1.49021100998,-0.01171875,-0.02685546875,-0.49609375
1.49527096748,-0.01171875,-0.02685546875,-0.49609375
1.50109505653,-0.01171875,-0.02685546875,-0.49609375
1.50606608391,-0.01171875,-0.02685546875,-0.49609375
1.51201701164,-0.01171875,-0.02685546875,-0.49609375
1.51705408096,-0.01171875,-0.02685546875,-0.49609375
1.5240380764,-0.01171875,-0.02685546875,-0.49609375
1.52904009819,-0.01171875,-0.02685546875,-0.49609375
1.53498697281,-0.01171875,-0.02685546875,-0.49609375
1.53990602493,-0.01171875,-0.02685546875,-0.49609375
1.54584407806,-0.01171875,-0.02685546875,-0.49609375
1.55087709427,-0.01171875,-0.02685546875,-0.49609375
1.55690312386,-0.01171875,-0.02685546875,-0.49609375
1.56173801422,-0.01171875,-0.02685546875,-0.49609375
1.5679359436,-0.01171875,-0.02685546875,-0.49609375
1.57279396057,-0.01171875,-0.01904296875,-0.49560546875
1.57867693901,-0.01171875,-0.01904296875,-0.49560546875
1.58355402946,-0.01171875,-0.01904296875,-0.49560546875
1.58953905106,-0.01171875,-0.01904296875,-0.49560546875
1.59481191635,-0.01171875,-0.01904296875,-0.49560546875
1.60054397583,-0.01171875,-0.01904296875,-0.49560546875
1.60542201996,-0.01171875,-0.01904296875,-0.49560546875
1.61159706116,-0.01171875,-0.01904296875,-0.49560546875
1.61745810509,-0.01171875,-0.01904296875,-0.49560546875
1.62258911133,-0.01171875,-0.01904296875,-0.49560546875
1.62832593918,-0.01171875,-0.01904296875,-0.49560546875
1.63336491585,-0.01171875,-0.01904296875,-0.49560546875
1.63933491707,-0.01171875,-0.01904296875,-0.49560546875
1.64440011978,-0.01171875,-0.01904296875,-0.49560546875
1.65039992332,-0.00732421875,-0.076171875,-0.5205078125
1.65524196625,-0.00732421875,-0.076171875,-0.5205078125
1.66112399101,-0.00732421875,-0.076171875,-0.5205078125
1.66612911224,-0.00732421875,-0.076171875,-0.5205078125
1.67209911346,-0.00732421875,-0.076171875,-0.5205078125
1.67711400986,-0.00732421875,-0.076171875,-0.5205078125
1.6840801239,-0.00732421875,-0.076171875,-0.5205078125
1.68902611732,-0.00732421875,-0.076171875,-0.5205078125
1.69499707222,-0.00732421875,-0.076171875,-0.5205078125
1.69986510277,-0.00732421875,-0.076171875,-0.5205078125
1.70601010323,-0.00732421875,-0.076171875,-0.5205078125
1.71092891693,-0.00732421875,-0.076171875,-0.5205078125
1.71692895889,-0.00732421875,-0.076171875,-0.5205078125
1.72191309929,-0.00732421875,-0.076171875,-0.5205078125
1.72778391838,-0.0048828125,-0.111328125,-0.5205078125
1.73277902603,-0.0048828125,-0.111328125,-0.5205078125
1.73878407478,-0.0048828125,-0.111328125,-0.5205078125
1.74376296997,-0.0048828125,-0.111328125,-0.5205078125
1.74969696999,-0.0048828125,-0.111328125,-0.5205078125
1.75479006767,-0.0048828125,-0.111328125,-0.5205078125
1.76064801216,-0.0048828125,-0.111328125,-0.5205078125
1.76564598083,-0.0048828125,-0.111328125,-0.5205078125
1.77150607109,-0.0048828125,-0.111328125,-0.5205078125
1.77650213242,-0.0048828125,-0.111328125,-0.5205078125
1.78252696991,-0.0048828125,-0.111328125,-0.5205078125
1.78847789764,-0.0048828125,-0.111328125,-0.5205078125
1.79352211952,-0.0048828125,-0.111328125,-0.5205078125
1.79934310913,-0.0048828125,-0.111328125,-0.5205078125
1.80441403389,-0.0048828125,-0.111328125,-0.5205078125
1.8104429245,0.00341796875,-0.048828125,-0.6201171875
1.8154270649,0.00341796875,-0.048828125,-0.6201171875
1.82125997543,0.00341796875,-0.048828125,-0.6201171875
1.82646298409,0.00341796875,-0.048828125,-0.6201171875
1.83240890503,0.00341796875,-0.048828125,-0.6201171875
1.83744192123,0.00341796875,-0.048828125,-0.6201171875
1.84329009056,0.00341796875,-0.048828125,-0.6201171875
1.84923791885,0.00341796875,-0.048828125,-0.6201171875
1.85524606705,0.00341796875,-0.048828125,-0.6201171875
1.86026191711,0.00341796875,-0.048828125,-0.6201171875
1.86616611481,0.00341796875,-0.048828125,-0.6201171875
1.87141489983,0.00341796875,-0.048828125,-0.6201171875
1.87704110146,0.00341796875,-0.048828125,-0.6201171875
1.88204598427,0.00341796875,-0.048828125,-0.6201171875
1.88803792,0.00390625,0.01123046875,-0.62255859375
1.89292001724,0.00390625,0.01123046875,-0.62255859375
1.89892101288,0.00390625,0.01123046875,-0.62255859375
1.90391111374,0.00390625,0.01123046875,-0.62255859375
1.90992808342,0.00390625,0.01123046875,-0.62255859375
1.91495895386,0.00390625,0.01123046875,-0.62255859375
1.92078709602,0.00390625,0.01123046875,-0.62255859375
1.92579197884,0.00390625,0.01123046875,-0.62255859375
1.93177294731,0.00390625,0.01123046875,-0.62255859375
1.93761396408,0.00390625,0.01123046875,-0.62255859375
1.94279313087,0.00390625,0.01123046875,-0.62255859375
1.94875597954,0.00390625,0.01123046875,-0.62255859375
1.95379209518,0.00390625,0.01123046875,-0.62255859375
1.95971703529,0.00390625,0.01123046875,-0.62255859375
1.96491408348,0.00390625,0.01123046875,-0.62255859375
1.97060489655,-0.021484375,0.0625,-0.59228515625
1.97561907768,-0.021484375,0.0625,-0.59228515625
1.98160290718,-0.021484375,0.0625,-0.59228515625
1.98651099205,-0.021484375,0.0625,-0.59228515625
1.99246191978,-0.021484375,0.0625,-0.59228515625
1.99742102623,-0.021484375,0.0625,-0.59228515625
2.00339508057,-0.021484375,0.0625,-0.59228515625
2.00941491127,-0.021484375,0.0625,-0.59228515625
2.01529598236,-0.021484375,0.0625,-0.59228515625
2.02028989792,-0.021484375,0.0625,-0.59228515625
2.02634811401,-0.021484375,0.0625,-0.59228515625
2.03129911423,-0.021484375,0.0625,-0.59228515625
2.03727698326,-0.021484375,0.0625,-0.59228515625
2.04233312607,-0.021484375,0.0625,-0.59228515625
2.04826498032,0.00146484375,0.111328125,-0.50732421875
2.05326795578,0.00146484375,0.111328125,-0.50732421875
2.05929994583,0.00146484375,0.111328125,-0.50732421875
2.06426811218,0.00146484375,0.111328125,-0.50732421875
2.07014203072,0.00146484375,0.111328125,-0.50732421875
2.07513999939,0.00146484375,0.111328125,-0.50732421875
2.08112812042,0.00146484375,0.111328125,-0.50732421875
2.08734202385,0.00146484375,0.111328125,-0.50732421875
2.09195113182,0.00146484375,0.111328125,-0.50732421875
2.09796094894,0.00146484375,0.111328125,-0.50732421875
2.10300302505,0.00146484375,0.111328125,-0.50732421875
2.10886192322,0.00146484375,0.111328125,-0.50732421875
2.11388611794,0.00146484375,0.111328125,-0.50732421875
2.11998295784,0.00146484375,0.111328125,-0.50732421875
2.12483000755,0.013671875,0.111328125,-0.50732421875
2.13074612617,0.013671875,0.09130859375,-0.50830078125
2.13582611084,0.013671875,0.09130859375,-0.50830078125
2.14164090157,0.013671875,0.09130859375,-0.50830078125
2.14663505554,0.013671875,0.09130859375,-0.50830078125
2.15251493454,0.013671875,0.09130859375,-0.50830078125
2.15753793716,0.013671875,0.09130859375,-0.50830078125
2.16354513168,0.013671875,0.09130859375,-0.50830078125
2.1695420742,0.013671875,0.09130859375,-0.50830078125
2.1757569313,0.013671875,0.09130859375,-0.50830078125
2.18077492714,0.013671875,0.09130859375,-0.50830078125
2.18653011322,0.013671875,0.09130859375,-0.50830078125
2.1914961338,0.013671875,0.09130859375,-0.50830078125
2.19748401642,0.013671875,0.09130859375,-0.50830078125
2.20235610008,0.013671875,0.09130859375,-0.50830078125
2.20839595795,0.01806640625,0.0947265625,-0.486328125
2.21346497536,0.01806640625,0.0947265625,-0.486328125
2.21940994263,0.01806640625,0.0947265625,-0.486328125
2.2252240181,0.01806640625,0.0947265625,-0.486328125
2.2302570343,0.01806640625,0.0947265625,-0.486328125
2.23623490334,0.01806640625,0.0947265625,-0.486328125
2.24158906937,0.01806640625,0.0947265625,-0.486328125
2.24716591835,0.01806640625,0.0947265625,-0.486328125
2.25224494934,0.01806640625,0.0947265625,-0.486328125
2.2581949234,0.01806640625,0.0947265625,-0.486328125
2.26311707497,0.01806640625,0.0947265625,-0.486328125
2.26910305023,0.01806640625,0.0947265625,-0.486328125
2.27404689789,0.01806640625,0.0947265625,-0.486328125
2.27991604805,0.01806640625,0.0947265625,-0.486328125
2.28489303589,0.04736328125,0.05419921875,-0.4541015625
2.29086208344,0.04736328125,0.05419921875,-0.4541015625
2.295773983,0.04736328125,0.05419921875,-0.4541015625
2.30193400383,0.04736328125,0.05419921875,-0.4541015625
2.30678009987,0.04736328125,0.05419921875,-0.4541015625
2.31292200089,0.04736328125,0.05419921875,-0.4541015625
2.31786799431,0.04736328125,0.05419921875,-0.4541015625
2.32376098633,0.04736328125,0.05419921875,-0.4541015625
2.32975697517,0.04736328125,0.05419921875,-0.4541015625
2.33586001396,0.04736328125,0.05419921875,-0.4541015625
2.34077811241,0.04736328125,0.05419921875,-0.4541015625
2.34662795067,0.04736328125,0.05419921875,-0.4541015625
2.35156393051,0.04736328125,0.05419921875,-0.4541015625
2.35762906075,0.04736328125,0.05419921875,-0.4541015625
2.36360502243,0.04736328125,0.05419921875,-0.4541015625
2.36847805977,0.04736328125,0.029296875,-0.3935546875
2.37441897392,0.04736328125,0.029296875,-0.3935546875
2.37953305244,0.04736328125,0.029296875,-0.3935546875
2.38548111916,0.04736328125,0.029296875,-0.3935546875
2.39051103592,0.04736328125,0.029296875,-0.3935546875
2.39643192291,0.04736328125,0.029296875,-0.3935546875
2.40141201019,0.04736328125,0.029296875,-0.3935546875
2.4073870182,0.04736328125,0.029296875,-0.3935546875
2.41239404678,0.04736328125,0.029296875,-0.3935546875
2.4182369709,0.04736328125,0.029296875,-0.3935546875
2.42321705818,0.04736328125,0.029296875,-0.3935546875
2.42915892601,0.04736328125,0.029296875,-0.3935546875
2.43416309357,0.04736328125,0.029296875,-0.3935546875
2.44013190269,0.04736328125,0.029296875,-0.3935546875
2.44515109062,0.04052734375,0.0087890625,-0.439453125
2.45103001595,0.04052734375,0.0087890625,-0.439453125
2.45632410049,0.04052734375,0.0087890625,-0.439453125
2.46202707291,0.04052734375,0.0087890625,-0.439453125
2.46687698364,0.04052734375,0.0087890625,-0.439453125
2.47291707993,0.04052734375,0.0087890625,-0.439453125
2.47788000107,0.04052734375,0.0087890625,-0.439453125
2.48384404182,0.04052734375,0.0087890625,-0.439453125
2.48888301849,0.04052734375,0.0087890625,-0.439453125
2.49578905106,0.04052734375,0.0087890625,-0.439453125
2.50171208382,0.04052734375,0.0087890625,-0.439453125
2.50670599937,0.04052734375,0.0087890625,-0.439453125
2.5125670433,0.04052734375,0.0087890625,-0.439453125
2.51821398735,0.04052734375,0.0087890625,-0.439453125
2.52374696732,0.04638671875,-0.00439453125,-0.439453125
2.528840065,0.04638671875,-0.00439453125,-0.45556640625
2.53453493118,0.04638671875,-0.00439453125,-0.45556640625
2.53950309753,0.04638671875,-0.00439453125,-0.45556640625
2.54550290108,0.04638671875,-0.00439453125,-0.45556640625
2.55051398277,0.04638671875,-0.00439453125,-0.45556640625
2.55650997162,0.04638671875,-0.00439453125,-0.45556640625
2.56140303612,0.04638671875,-0.00439453125,-0.45556640625
2.56737494469,0.04638671875,-0.00439453125,-0.45556640625
2.57239508629,0.04638671875,-0.00439453125,-0.45556640625
2.57875704765,0.04638671875,-0.00439453125,-0.45556640625
2.58328294754,0.04638671875,-0.00439453125,-0.45556640625
2.58927893639,0.04638671875,-0.00439453125,-0.45556640625
2.59427189827,0.04638671875,-0.00439453125,-0.45556640625
2.60026907921,0.04638671875,-0.00439453125,-0.45556640625
2.60513591766,0.029296875,-0.01611328125,-0.4697265625
2.61115908623,0.029296875,-0.01611328125,-0.4697265625
2.61617898941,0.029296875,-0.01611328125,-0.4697265625
2.62214612961,0.029296875,-0.01611328125,-0.4697265625
2.62717604637,0.029296875,-0.01611328125,-0.4697265625
2.63316607475,0.029296875,-0.01611328125,-0.4697265625
2.63816809654,0.029296875,-0.01611328125,-0.4697265625
2.64776492119,0.029296875,-0.01611328125,-0.4697265625
2.64998292923,0.029296875,-0.01611328125,-0.4697265625
2.65589594841,0.029296875,-0.01611328125,-0.4697265625
2.66188311577,0.029296875,-0.01611328125,-0.4697265625
2.6669049263,0.029296875,-0.01611328125,-0.4697265625
2.67393112183,0.029296875,-0.01611328125,-0.4697265625
2.67776298523,0.029296875,-0.01611328125,-0.4697265625
2.68375992775,0.0244140625,-0.0341796875,-0.478515625
2.68877005577,0.0244140625,-0.0341796875,-0.478515625
2.69478392601,0.0244140625,-0.0341796875,-0.478515625
2.6996679306,0.0244140625,-0.0341796875,-0.478515625
2.70599412918,0.0244140625,-0.0341796875,-0.478515625
2.71066212654,0.0244140625,-0.0341796875,-0.478515625
2.71665406227,0.0244140625,-0.0341796875,-0.478515625
2.72165608406,0.0244140625,-0.0341796875,-0.478515625
2.72752904892,0.0244140625,-0.0341796875,-0.478515625
2.73253107071,0.0244140625,-0.0341796875,-0.478515625
2.73868608475,0.0244140625,-0.0341796875,-0.478515625
2.74353790283,0.0244140625,-0.0341796875,-0.478515625
2.74940705299,0.0244140625,-0.0341796875,-0.478515625
2.75440692902,0.0244140625,-0.0341796875,-0.478515625
2.7603969574,0.0244140625,-0.0341796875,-0.478515625
2.76541304588,0.02734375,-0.04931640625,-0.4560546875
2.77139091492,0.02734375,-0.04931640625,-0.4560546875
2.77893590927,0.02734375,-0.04931640625,-0.4560546875
2.78228092194,0.02734375,-0.04931640625,-0.4560546875
2.78822898865,0.02734375,-0.04931640625,-0.4560546875
2.79328513145,0.02734375,-0.04931640625,-0.4560546875
2.79912209511,0.02734375,-0.04931640625,-0.4560546875
2.80415201187,0.02734375,-0.04931640625,-0.4560546875
2.81012606621,0.02734375,-0.04931640625,-0.4560546875
2.81614995003,0.02734375,-0.04931640625,-0.4560546875
2.82213711739,0.02734375,-0.04931640625,-0.4560546875
2.82702493668,0.02734375,-0.04931640625,-0.4560546875
2.83331012726,0.02734375,-0.04931640625,-0.4560546875
2.83802199364,0.02734375,-0.04931640625,-0.4560546875
2.84388399124,0.03515625,-0.05029296875,-0.4638671875
2.84888505936,0.03515625,-0.05029296875,-0.4638671875
2.85488009453,0.03515625,-0.05029296875,-0.4638671875
2.86012601852,0.03515625,-0.05029296875,-0.4638671875
2.86577892303,0.03515625,-0.05029296875,-0.4638671875
2.87075209618,0.03515625,-0.05029296875,-0.4638671875
2.87678194046,0.03515625,-0.05029296875,-0.4638671875
2.88179111481,0.03515625,-0.05029296875,-0.4638671875
2.88779091835,0.03515625,-0.05029296875,-0.4638671875
2.89265704155,0.03515625,-0.05029296875,-0.4638671875
2.89865112305,0.03515625,-0.05029296875,-0.4638671875
2.90460801125,0.03515625,-0.05029296875,-0.4638671875
2.90967392921,0.03515625,-0.05029296875,-0.4638671875
2.91548109055,0.03515625,-0.05029296875,-0.4638671875
2.92054104805,0.02978515625,-0.05029296875,-0.4638671875
2.92652797699,0.02978515625,-0.05029296875,-0.4443359375
2.93152499199,0.02978515625,-0.05029296875,-0.4443359375
2.93734812737,0.02978515625,-0.05029296875,-0.4443359375
2.94240093231,0.02978515625,-0.05029296875,-0.4443359375
2.94843006134,0.02978515625,-0.05029296875,-0.4443359375
2.95340299606,0.02978515625,-0.05029296875,-0.4443359375
2.95938491821,0.02978515625,-0.05029296875,-0.4443359375
2.96428394318,0.02978515625,-0.05029296875,-0.4443359375
2.97028303146,0.02978515625,-0.05029296875,-0.4443359375
2.97628498077,0.02978515625,-0.05029296875,-0.4443359375
2.98228812218,0.02978515625,-0.05029296875,-0.4443359375
2.98733901978,0.02978515625,-0.05029296875,-0.4443359375
2.99315595627,0.02978515625,-0.05029296875,-0.4443359375
2.99815797806,0.02978515625,-0.05029296875,-0.4443359375
3.00413012505,0.02392578125,-0.07080078125,-0.4462890625
3.00910496712,0.02392578125,-0.07080078125,-0.4462890625
3.01510500908,0.02392578125,-0.07080078125,-0.4462890625
3.02095413208,0.02392578125,-0.07080078125,-0.4462890625
3.0259809494,0.02392578125,-0.07080078125,-0.4462890625
3.03182792664,0.02392578125,-0.07080078125,-0.4462890625
3.03685593605,0.02392578125,-0.07080078125,-0.4462890625
3.04288697243,0.02392578125,-0.07080078125,-0.4462890625
3.0479619503,0.02392578125,-0.07080078125,-0.4462890625
3.05386090279,0.02392578125,-0.07080078125,-0.4462890625
3.05875611305,0.02392578125,-0.07080078125,-0.4462890625
3.06472611427,0.02392578125,-0.07080078125,-0.4462890625
3.06977391243,0.02392578125,-0.07080078125,-0.4462890625
3.0757420063,0.02392578125,-0.07080078125,-0.4462890625
3.08071494102,0.01025390625,-0.033203125,-0.4580078125
3.08662509918,0.01025390625,-0.033203125,-0.4580078125
3.09166693687,0.01025390625,-0.033203125,-0.4580078125
3.097645998,0.01025390625,-0.033203125,-0.4580078125
3.10249304771,0.01025390625,-0.033203125,-0.4580078125
3.1087770462,0.01025390625,-0.033203125,-0.4580078125
3.11350107193,0.01025390625,-0.033203125,-0.4580078125
3.11949491501,0.01025390625,-0.033203125,-0.4580078125
3.12458205223,0.01025390625,-0.033203125,-0.4580078125
3.13048505783,0.01025390625,-0.033203125,-0.4580078125
3.13542795181,0.01025390625,-0.033203125,-0.4580078125
3.14262890816,0.01025390625,-0.033203125,-0.4580078125
3.14823007584,0.01025390625,-0.033203125,-0.4580078125
3.15327811241,0.01025390625,-0.033203125,-0.4580078125
3.15924906731,-0.0087890625,-0.033203125,-0.4580078125
3.16428303719,-0.0087890625,-0.11572265625,-0.49267578125
3.17138409615,-0.0087890625,-0.11572265625,-0.49267578125
3.17515611649,-0.0087890625,-0.11572265625,-0.49267578125
3.18111991882,-0.0087890625,-0.11572265625,-0.49267578125
3.18615913391,-0.0087890625,-0.11572265625,-0.49267578125
3.19212603569,-0.0087890625,-0.11572265625,-0.49267578125
3.19716191292,-0.0087890625,-0.11572265625,-0.49267578125
3.20322608948,-0.0087890625,-0.11572265625,-0.49267578125
3.20803594589,-0.0087890625,-0.11572265625,-0.49267578125
3.21403813362,-0.0087890625,-0.11572265625,-0.49267578125
3.21904397011,-0.0087890625,-0.11572265625,-0.49267578125
3.22491502762,-0.0087890625,-0.11572265625,-0.49267578125
3.22991800308,-0.0087890625,-0.11572265625,-0.49267578125
3.23590707779,-0.0087890625,-0.11572265625,-0.49267578125
3.24089312553,-0.0224609375,-0.11376953125,-0.5859375
3.24677610397,-0.0224609375,-0.11376953125,-0.5859375
3.25175905228,-0.0224609375,-0.11376953125,-0.5859375
3.25776791573,-0.0224609375,-0.11376953125,-0.5859375
3.26276803017,-0.0224609375,-0.11376953125,-0.5859375
3.26865291595,-0.0224609375,-0.11376953125,-0.5859375
3.27364706993,-0.0224609375,-0.11376953125,-0.5859375
3.27964711189,-0.0224609375,-0.11376953125,-0.5859375
3.28464198112,-0.0224609375,-0.11376953125,-0.5859375
3.29065394402,-0.0224609375,-0.11376953125,-0.5859375
3.29649400711,-0.0224609375,-0.11376953125,-0.5859375
3.30253195763,-0.0224609375,-0.11376953125,-0.5859375
3.30849099159,-0.0224609375,-0.11376953125,-0.5859375
3.31340098381,-0.0224609375,-0.11376953125,-0.5859375
3.31936502457,-0.03515625,-0.07666015625,-0.64013671875
3.32472801208,-0.03515625,-0.07666015625,-0.64013671875
3.33038401604,-0.03515625,-0.07666015625,-0.64013671875
3.3353869915,-0.03515625,-0.07666015625,-0.64013671875
3.34126210213,-0.03515625,-0.07666015625,-0.64013671875
3.34627389908,-0.03515625,-0.07666015625,-0.64013671875
3.35225605965,-0.03515625,-0.07666015625,-0.64013671875
3.35735702515,-0.03515625,-0.07666015625,-0.64013671875
3.36314105988,-0.03515625,-0.07666015625,-0.64013671875
3.36815404892,-0.03515625,-0.07666015625,-0.64013671875
3.37414193153,-0.03515625,-0.07666015625,-0.64013671875
3.379144907,-0.03515625,-0.07666015625,-0.64013671875
3.38513112068,-0.03515625,-0.07666015625,-0.64013671875
3.39014697075,-0.03515625,-0.07666015625,-0.64013671875
3.39600992203,-0.03515625,-0.07666015625,-0.64013671875
3.40099811554,-0.021484375,-0.0009765625,-0.6083984375
3.40698003769,-0.021484375,-0.0009765625,-0.6083984375
3.41183400154,-0.021484375,-0.0009765625,-0.6083984375
3.41799998283,-0.021484375,-0.0009765625,-0.6083984375
3.42385411263,-0.021484375,-0.0009765625,-0.6083984375
3.42888998985,-0.021484375,-0.0009765625,-0.6083984375
3.43472599983,-0.021484375,-0.0009765625,-0.6083984375
3.43976902962,-0.021484375,-0.0009765625,-0.6083984375
3.44574213028,-0.021484375,-0.0009765625,-0.6083984375
3.45095300674,-0.021484375,-0.0009765625,-0.6083984375
3.45680308342,-0.021484375,-0.0009765625,-0.6083984375
3.46266007423,-0.021484375,-0.0009765625,-0.6083984375
3.46866798401,-0.021484375,-0.0009765625,-0.6083984375
3.47367191315,-0.021484375,-0.0009765625,-0.6083984375
3.47998809814,-0.0263671875,0.04736328125,-0.607421875
3.48453807831,-0.0263671875,0.04736328125,-0.607421875
3.49054002762,-0.0263671875,0.04736328125,-0.607421875
3.49553608894,-0.0263671875,0.04736328125,-0.607421875
3.50154304504,-0.0263671875,0.04736328125,-0.607421875
3.50642108917,-0.0263671875,0.04736328125,-0.607421875
3.51241707802,-0.0263671875,0.04736328125,-0.607421875
3.51740694046,-0.0263671875,0.04736328125,-0.607421875
3.52359390259,-0.0263671875,0.04736328125,-0.607421875
3.52824306488,-0.0263671875,0.04736328125,-0.607421875
3.53428602219,-0.0263671875,0.04736328125,-0.607421875
3.53928995132,-0.0263671875,0.04736328125,-0.607421875
3.5452709198,-0.0263671875,0.04736328125,-0.607421875
3.55111312866,-0.0263671875,0.04736328125,-0.607421875
3.5561580658,-0.0439453125,0.04736328125,-0.607421875
3.5621099472,-0.0439453125,0.06396484375,-0.58642578125
3.56731891632,-0.0439453125,0.06396484375,-0.58642578125
3.57346391678,-0.0439453125,0.06396484375,-0.58642578125
3.57829403877,-0.0439453125,0.06396484375,-0.58642578125
3.5841460228,-0.0439453125,0.06396484375,-0.58642578125
3.58916211128,-0.0439453125,0.06396484375,-0.58642578125
3.59505200386,-0.0439453125,0.06396484375,-0.58642578125
3.60002398491,-0.0439453125,0.06396484375,-0.58642578125
3.60598492622,-0.0439453125,0.06396484375,-0.58642578125
3.61104512215,-0.0439453125,0.06396484375,-0.58642578125
3.61703801155,-0.0439453125,0.06396484375,-0.58642578125
3.62290406227,-0.0439453125,0.06396484375,-0.58642578125
3.62891101837,-0.0439453125,0.06396484375,-0.58642578125
3.63397693634,-0.0439453125,0.06396484375,-0.58642578125
3.63985395432,-0.0205078125,0.0302734375,-0.544921875
3.64779090881,-0.0205078125,0.0302734375,-0.544921875
3.65061402321,-0.0205078125,0.0302734375,-0.544921875
3.6556251049,-0.0205078125,0.0302734375,-0.544921875
3.66163992882,-0.0205078125,0.0302734375,-0.544921875
3.66746306419,-0.0205078125,0.0302734375,-0.544921875
3.67254400253,-0.0205078125,0.0302734375,-0.544921875
3.67849993706,-0.0205078125,0.0302734375,-0.544921875
3.68354511261,-0.0205078125,0.0302734375,-0.544921875
3.68937802315,-0.0205078125,0.0302734375,-0.544921875
3.69477796555,-0.0205078125,0.0302734375,-0.544921875
3.70037603378,-0.0205078125,0.0302734375,-0.544921875
3.70539212227,-0.0205078125,0.0302734375,-0.544921875
3.71132802963,-0.0205078125,0.0302734375,-0.544921875
3.71623206139,-0.03466796875,0.009765625,-0.5048828125
3.72221708298,-0.03466796875,0.009765625,-0.5048828125
3.72725605965,-0.03466796875,0.009765625,-0.5048828125
3.73322701454,-0.03466796875,0.009765625,-0.5048828125
3.73822307587,-0.03466796875,0.009765625,-0.5048828125
3.74407601357,-0.03466796875,0.009765625,-0.5048828125
3.74912595749,-0.03466796875,0.009765625,-0.5048828125
3.75537705421,-0.03466796875,0.009765625,-0.5048828125
3.76028704643,-0.03466796875,0.009765625,-0.5048828125
3.76628494263,-0.03466796875,0.009765625,-0.5048828125
3.77115797997,-0.03466796875,0.009765625,-0.5048828125
3.77715992928,-0.03466796875,0.009765625,-0.5048828125
3.7821059227,-0.03466796875,0.009765625,-0.5048828125
3.78892207146,-0.03466796875,0.009765625,-0.5048828125
3.79483604431,-0.03466796875,0.009765625,-0.5048828125
3.79989695549,-0.03466796875,-0.00244140625,-0.49267578125
3.80584597588,-0.03466796875,-0.00244140625,-0.49267578125
3.81077504158,-0.03466796875,-0.00244140625,-0.49267578125
3.81693601608,-0.03466796875,-0.00244140625,-0.49267578125
3.82176589966,-0.03466796875,-0.00244140625,-0.49267578125
3.82771992683,-0.03466796875,-0.00244140625,-0.49267578125
3.83262991905,-0.03466796875,-0.00244140625,-0.49267578125
3.83861804008,-0.03466796875,-0.00244140625,-0.49267578125
3.84362006187,-0.03466796875,-0.00244140625,-0.49267578125
3.8496389389,-0.03466796875,-0.00244140625,-0.49267578125
3.85460805893,-0.03466796875,-0.00244140625,-0.49267578125
3.86048293114,-0.03466796875,-0.00244140625,-0.49267578125
3.865473032,-0.03466796875,-0.00244140625,-0.49267578125
3.87144899368,-0.03466796875,-0.00244140625,-0.49267578125
3.87724399567,-0.02587890625,-0.0078125,-0.50048828125
3.88241410255,-0.02587890625,-0.0078125,-0.50048828125
3.88740897179,-0.02587890625,-0.0078125,-0.50048828125
3.89341711998,-0.02587890625,-0.0078125,-0.50048828125
3.89839911461,-0.02587890625,-0.0078125,-0.50048828125
3.9043200016,-0.02587890625,-0.0078125,-0.50048828125
3.90964698792,-0.02587890625,-0.0078125,-0.50048828125
3.91548490524,-0.02587890625,-0.0078125,-0.50048828125
3.92038798332,-0.02587890625,-0.0078125,-0.50048828125
3.92621898651,-0.02587890625,-0.0078125,-0.50048828125
3.93220996857,-0.02587890625,-0.0078125,-0.50048828125
3.93726301193,-0.02587890625,-0.0078125,-0.50048828125
3.9431540966,-0.02587890625,-0.0078125,-0.50048828125
3.94918203354,-0.02587890625,-0.0078125,-0.50048828125
3.9554810524,-0.0224609375,-0.0146484375,-0.50048828125
3.96411800385,-0.0224609375,-0.0146484375,-0.50048828125
3.96602106094,-0.0224609375,-0.0146484375,-0.50048828125
3.97125291824,-0.0224609375,-0.0146484375,-0.50048828125
3.97692108154,-0.0224609375,-0.0146484375,-0.50048828125
3.98190808296,-0.0224609375,-0.0146484375,-0.50048828125
3.98791003227,-0.0224609375,-0.0146484375,-0.50048828125
3.99290299416,-0.0224609375,-0.0146484375,-0.50048828125
3.99890899658,-0.0224609375,-0.0146484375,-0.50048828125
4.00393605232,-0.0224609375,-0.0146484375,-0.50048828125
4.00991010666,-0.0224609375,-0.0146484375,-0.50048828125
4.01479101181,-0.0224609375,-0.0146484375,-0.50048828125
4.02079606056,-0.0224609375,-0.0146484375,-0.50048828125
4.02585196495,-0.0224609375,-0.0146484375,-0.50048828125
4.03176093102,-0.0224609375,-0.0146484375,-0.50048828125
4.03763198853,-0.03515625,-0.02880859375,-0.52880859375
4.04265499115,-0.03515625,-0.02880859375,-0.52880859375
4.04860901833,-0.03515625,-0.02880859375,-0.52880859375
4.05365395546,-0.03515625,-0.02880859375,-0.52880859375
4.05959200859,-0.03515625,-0.02880859375,-0.52880859375
4.06482505798,-0.03515625,-0.02880859375,-0.52880859375
4.07051706314,-0.03515625,-0.02880859375,-0.52880859375
4.0755341053,-0.03515625,-0.02880859375,-0.52880859375
4.08149290085,-0.03515625,-0.02880859375,-0.52880859375
4.08640313148,-0.03515625,-0.02880859375,-0.52880859375
4.09250497818,-0.03515625,-0.02880859375,-0.52880859375
4.09728312492,-0.03515625,-0.02880859375,-0.52880859375
4.10328102112,-0.03515625,-0.02880859375,-0.52880859375
4.10927891731,-0.03515625,-0.02880859375,-0.52880859375
4.1151599884,-0.03955078125,-0.0283203125,-0.53466796875
4.12015509605,-0.03955078125,-0.0283203125,-0.53466796875
4.12637495995,-0.03955078125,-0.0283203125,-0.53466796875
4.13128995895,-0.03955078125,-0.0283203125,-0.53466796875
4.13725304604,-0.03955078125,-0.0283203125,-0.53466796875
4.14215898514,-0.03955078125,-0.0283203125,-0.53466796875
4.14815998077,-0.03955078125,-0.0283203125,-0.53466796875
4.1540749073,-0.03955078125,-0.0283203125,-0.53466796875
4.15907001495,-0.03955078125,-0.0283203125,-0.53466796875
4.16498613358,-0.03955078125,-0.0283203125,-0.53466796875
4.17003512383,-0.03955078125,-0.0283203125,-0.53466796875
4.17595100403,-0.03955078125,-0.0283203125,-0.53466796875
4.18097496033,-0.03955078125,-0.0283203125,-0.53466796875
4.18690991402,-0.03955078125,-0.0283203125,-0.53466796875
4.19182491302,-0.03955078125,-0.0283203125,-0.53466796875
4.19790697098,-0.03955078125,-0.0146484375,-0.5146484375
4.20289492607,-0.03955078125,-0.0146484375,-0.5146484375
4.20878696442,-0.03955078125,-0.0146484375,-0.5146484375
4.21372008324,-0.03955078125,-0.0146484375,-0.5146484375
4.21985912323,-0.03955078125,-0.0146484375,-0.5146484375
4.2247979641,-0.03955078125,-0.0146484375,-0.5146484375
4.23062491417,-0.03955078125,-0.0146484375,-0.5146484375
4.23555803299,-0.03955078125,-0.0146484375,-0.5146484375
4.24152898788,-0.03955078125,-0.0146484375,-0.5146484375
4.24663996696,-0.03955078125,-0.0146484375,-0.5146484375
4.25251412392,-0.03955078125,-0.0146484375,-0.5146484375
4.25738406181,-0.03955078125,-0.0146484375,-0.5146484375
4.26339912415,-0.03955078125,-0.0146484375,-0.5146484375
4.27045202255,-0.03955078125,-0.0146484375,-0.5146484375
4.2754740715,-0.02392578125,-0.00634765625,-0.5048828125
4.28132390976,-0.02392578125,-0.00634765625,-0.5048828125
4.28635406494,-0.02392578125,-0.00634765625,-0.5048828125
4.29233908653,-0.02392578125,-0.00634765625,-0.5048828125
4.29735398293,-0.02392578125,-0.00634765625,-0.5048828125
4.30335998535,-0.02392578125,-0.00634765625,-0.5048828125
4.30821108818,-0.02392578125,-0.00634765625,-0.5048828125
4.31423592567,-0.02392578125,-0.00634765625,-0.5048828125
4.31925106049,-0.02392578125,-0.00634765625,-0.5048828125
4.32525110245,-0.02392578125,-0.00634765625,-0.5048828125
4.33024692535,-0.02392578125,-0.00634765625,-0.5048828125
4.33624911308,-0.02392578125,-0.00634765625,-0.5048828125
4.34113907814,-0.02392578125,-0.00634765625,-0.5048828125
4.34713411331,-0.02392578125,-0.00634765625,-0.5048828125
4.35198092461,-0.029296875,-0.01123046875,-0.50634765625
4.35798311234,-0.029296875,-0.01123046875,-0.50634765625
4.36302495003,-0.029296875,-0.01123046875,-0.50634765625
4.36896800995,-0.029296875,-0.01123046875,-0.50634765625
4.37388110161,-0.029296875,-0.01123046875,-0.50634765625
4.37977099419,-0.029296875,-0.01123046875,-0.50634765625
4.38569998741,-0.029296875,-0.01123046875,-0.50634765625
4.39076304436,-0.029296875,-0.01123046875,-0.50634765625
4.39670205116,-0.029296875,-0.01123046875,-0.50634765625
4.4017291069,-0.029296875,-0.01123046875,-0.50634765625
4.40773701668,-0.029296875,-0.01123046875,-0.50634765625
4.41272711754,-0.029296875,-0.01123046875,-0.50634765625
4.41873002052,-0.029296875,-0.01123046875,-0.50634765625
4.42360210419,-0.029296875,-0.01123046875,-0.50634765625
4.4295759201,-0.029296875,-0.01123046875,-0.50634765625
4.43563604355,-0.02783203125,-0.015625,-0.51513671875
4.44158196449,-0.02783203125,-0.015625,-0.51513671875
4.44662308693,-0.02783203125,-0.015625,-0.51513671875
4.45248198509,-0.02783203125,-0.015625,-0.51513671875
4.45794510841,-0.02783203125,-0.015625,-0.51513671875
4.46408891678,-0.02783203125,-0.015625,-0.51513671875
4.46845698357,-0.02783203125,-0.015625,-0.51513671875
4.47426390648,-0.02783203125,-0.015625,-0.51513671875
4.47926211357,-0.02783203125,-0.015625,-0.51513671875
4.48526501656,-0.02783203125,-0.015625,-0.51513671875
4.49030590057,-0.02783203125,-0.015625,-0.51513671875
4.49620199203,-0.02783203125,-0.015625,-0.51513671875
4.5021340847,-0.02783203125,-0.015625,-0.51513671875
4.50727510452,-0.02783203125,-0.015625,-0.51513671875
4.51316308975,-0.02197265625,-0.015625,-0.50732421875
4.51814508438,-0.02197265625,-0.015625,-0.50732421875
4.52414393425,-0.02197265625,-0.015625,-0.50732421875
4.52914810181,-0.02197265625,-0.015625,-0.50732421875
4.53498911858,-0.02197265625,-0.015625,-0.50732421875
4.54002094269,-0.02197265625,-0.015625,-0.50732421875
4.54585504532,-0.02197265625,-0.015625,-0.50732421875
4.55089402199,-0.02197265625,-0.015625,-0.50732421875
4.55688810349,-0.02197265625,-0.015625,-0.50732421875
4.56189799309,-0.02197265625,-0.015625,-0.50732421875
4.56792092323,-0.02197265625,-0.015625,-0.50732421875
4.57274794579,-0.02197265625,-0.015625,-0.50732421875
4.57888007164,-0.02197265625,-0.015625,-0.50732421875
4.58457803726,-0.02197265625,-0.015625,-0.50732421875
4.58994102478,-0.02197265625,-0.015625,-0.50732421875
4.59578895569,-0.02197265625,-0.0234375,-0.51123046875
4.60177397728,-0.02197265625,-0.0234375,-0.51123046875
4.60764694214,-0.02197265625,-0.0234375,-0.51123046875
4.61261200905,-0.02197265625,-0.0234375,-0.51123046875
4.61863613129,-0.02197265625,-0.0234375,-0.51123046875
4.6236948967,-0.02197265625,-0.0234375,-0.51123046875
4.6296350956,-0.02197265625,-0.0234375,-0.51123046875
4.63464903831,-0.02197265625,-0.0234375,-0.51123046875
4.64063191414,-0.02197265625,-0.0234375,-0.51123046875
4.64838409424,-0.02197265625,-0.0234375,-0.51123046875
4.65136504173,-0.02197265625,-0.0234375,-0.51123046875
4.65637612343,-0.02197265625,-0.0234375,-0.51123046875
4.66237902641,-0.02197265625,-0.0234375,-0.51123046875
4.66724395752,-0.02197265625,-0.0234375,-0.51123046875
4.67324399948,-0.02587890625,-0.01806640625,-0.51123046875
4.67825102806,-0.02587890625,-0.01806640625,-0.51123046875
4.68433594704,-0.02587890625,-0.01806640625,-0.51123046875
4.68915295601,-0.02587890625,-0.01806640625,-0.51123046875
4.69515395164,-0.02587890625,-0.01806640625,-0.51123046875
4.70015597343,-0.02587890625,-0.01806640625,-0.51123046875
4.70621490479,-0.02587890625,-0.01806640625,-0.51123046875
4.7112429142,-0.02587890625,-0.01806640625,-0.51123046875
4.71725201607,-0.02587890625,-0.01806640625,-0.51123046875
4.72307705879,-0.02587890625,-0.01806640625,-0.51123046875
4.72810101509,-0.02587890625,-0.01806640625,-0.51123046875
4.73408699036,-0.02587890625,-0.01806640625,-0.51123046875
4.73907804489,-0.02587890625,-0.01806640625,-0.51123046875
4.74497389793,-0.02587890625,-0.01806640625,-0.51123046875
4.74996900558,-0.02490234375,-0.0146484375,-0.50634765625
4.75684189796,-0.02490234375,-0.0146484375,-0.50634765625
4.76173090935,-0.02490234375,-0.0146484375,-0.50634765625
4.76777410507,-0.02490234375,-0.0146484375,-0.50634765625
4.77273201942,-0.02490234375,-0.0146484375,-0.50634765625
4.77872204781,-0.02490234375,-0.0146484375,-0.50634765625
4.78372097015,-0.02490234375,-0.0146484375,-0.50634765625
4.78959608078,-0.02490234375,-0.0146484375,-0.50634765625
4.79459404945,-0.02490234375,-0.0146484375,-0.50634765625
4.80063700676,-0.02490234375,-0.0146484375,-0.50634765625
4.8056371212,-0.02490234375,-0.0146484375,-0.50634765625
4.81149697304,-0.02490234375,-0.0146484375,-0.50634765625
4.81650805473,-0.02490234375,-0.0146484375,-0.50634765625
4.82249712944,-0.02490234375,-0.0146484375,-0.50634765625
4.82860708237,-0.02490234375,-0.0146484375,-0.50634765625
4.83336997032,-0.0244140625,-0.01708984375,-0.5087890625
4.83931708336,-0.0244140625,-0.01708984375,-0.5087890625
4.84448289871,-0.0244140625,-0.01708984375,-0.5087890625
4.85038399696,-0.0244140625,-0.01708984375,-0.5087890625
4.8554019928,-0.0244140625,-0.01708984375,-0.5087890625
4.86162805557,-0.0244140625,-0.01708984375,-0.5087890625
4.86635398865,-0.0244140625,-0.01708984375,-0.5087890625
4.87237095833,-0.0244140625,-0.01708984375,-0.5087890625
4.87719607353,-0.0244140625,-0.01708984375,-0.5087890625
4.88319301605,-0.0244140625,-0.01708984375,-0.5087890625
4.88819313049,-0.0244140625,-0.01708984375,-0.5087890625
4.89419102669,-0.0244140625,-0.01708984375,-0.5087890625
4.8991549015,-0.0244140625,-0.01708984375,-0.5087890625
4.90510511398,-0.0244140625,-0.01708984375,-0.5087890625
4.91010212898,-0.02490234375,-0.02099609375,-0.51220703125
4.91698694229,-0.02490234375,-0.02099609375,-0.51220703125
4.92202591896,-0.02490234375,-0.02099609375,-0.51220703125
4.92786812782,-0.02490234375,-0.02099609375,-0.51220703125
4.93383002281,-0.02490234375,-0.02099609375,-0.51220703125
4.93885707855,-0.02490234375,-0.02099609375,-0.51220703125
4.94484591484,-0.02490234375,-0.02099609375,-0.51220703125
4.94989299774,-0.02490234375,-0.02099609375,-0.51220703125
4.95574212074,-0.02490234375,-0.02099609375,-0.51220703125
4.96076512337,-0.02490234375,-0.02099609375,-0.51220703125
4.96672797203,-0.02490234375,-0.02099609375,-0.51220703125
4.97178411484,-0.02490234375,-0.02099609375,-0.51220703125
4.97761893272,-0.02490234375,-0.02099609375,-0.51220703125
4.98289203644,-0.02490234375,-0.02099609375,-0.51220703125
4.9886610508,-0.029296875,-0.0205078125,-0.51220703125
4.99364089966,-0.029296875,-0.0205078125,-0.51220703125
4.99948906898,-0.029296875,-0.0205078125,-0.51220703125
5.00451397896,-0.029296875,-0.0205078125,-0.51220703125
5.01051712036,-0.029296875,-0.0205078125,-0.51220703125
5.01557612419,-0.029296875,-0.0205078125,-0.51220703125
5.02139210701,-0.029296875,-0.0205078125,-0.51220703125
5.02640008926,-0.029296875,-0.0205078125,-0.51220703125
5.03239297867,-0.029296875,-0.0205078125,-0.51220703125
5.03739500046,-0.029296875,-0.0205078125,-0.51220703125
5.04350304604,-0.029296875,-0.0205078125,-0.51220703125
5.0493619442,-0.029296875,-0.0205078125,-0.51220703125
5.05440306664,-0.029296875,-0.0205078125,-0.51220703125
5.06016397476,-0.029296875,-0.0205078125,-0.51220703125
5.06532502174,-0.029296875,-0.0205078125,-0.51220703125
5.0711979866,-0.0263671875,-0.02294921875,-0.5166015625
5.07744908333,-0.0263671875,-0.02294921875,-0.5166015625
5.08326005936,-0.0263671875,-0.02294921875,-0.5166015625
5.08820390701,-0.0263671875,-0.02294921875,-0.5166015625
5.09414601326,-0.0263671875,-0.02294921875,-0.5166015625
5.09917402267,-0.0263671875,-0.02294921875,-0.5166015625
5.10499596596,-0.0263671875,-0.02294921875,-0.5166015625
5.11002802849,-0.0263671875,-0.02294921875,-0.5166015625
5.11589002609,-0.0263671875,-0.02294921875,-0.5166015625
5.12088799477,-0.0263671875,-0.02294921875,-0.5166015625
5.12689590454,-0.0263671875,-0.02294921875,-0.5166015625
5.13189005852,-0.0263671875,-0.02294921875,-0.5166015625
5.13788199425,-0.0263671875,-0.02294921875,-0.5166015625
5.14297103882,-0.0263671875,-0.02294921875,-0.5166015625
5.14892601967,-0.021484375,-0.0146484375,-0.5087890625
5.15484690666,-0.021484375,-0.0146484375,-0.5087890625
5.1599240303,-0.021484375,-0.0146484375,-0.5087890625
5.1656370163,-0.021484375,-0.0146484375,-0.5087890625
5.17079806328,-0.021484375,-0.0146484375,-0.5087890625
5.17670702934,-0.021484375,-0.0146484375,-0.5087890625
5.18172001839,-0.021484375,-0.0146484375,-0.5087890625
5.1875679493,-0.021484375,-0.0146484375,-0.5087890625
5.1926150322,-0.021484375,-0.0146484375,-0.5087890625
5.19860601425,-0.021484375,-0.0146484375,-0.5087890625
5.20362997055,-0.021484375,-0.0146484375,-0.5087890625
5.20960402489,-0.021484375,-0.0146484375,-0.5087890625
5.21446204185,-0.021484375,-0.0146484375,-0.5087890625
5.22047996521,-0.021484375,-0.0146484375,-0.5087890625
5.22547197342,-0.021484375,-0.0146484375,-0.5087890625
5.23157501221,-0.021484375,-0.01220703125,-0.5068359375
5.23635911942,-0.021484375,-0.01220703125,-0.5068359375
5.24339008331,-0.021484375,-0.01220703125,-0.5068359375
5.24919605255,-0.021484375,-0.01220703125,-0.5068359375
5.25426101685,-0.021484375,-0.01220703125,-0.5068359375
5.26015210152,-0.021484375,-0.01220703125,-0.5068359375
5.2651181221,-0.021484375,-0.01220703125,-0.5068359375
5.27107596397,-0.021484375,-0.01220703125,-0.5068359375
5.27611494064,-0.021484375,-0.01220703125,-0.5068359375
5.28206396103,-0.021484375,-0.01220703125,-0.5068359375
5.28709411621,-0.021484375,-0.01220703125,-0.5068359375
5.29304003716,-0.021484375,-0.01220703125,-0.5068359375
5.29803299904,-0.021484375,-0.01220703125,-0.5068359375
5.30404400826,-0.021484375,-0.01220703125,-0.5068359375
5.30890393257,-0.0263671875,-0.02490234375,-0.52685546875
5.31492805481,-0.0263671875,-0.02490234375,-0.52685546875
5.31987190247,-0.0263671875,-0.02490234375,-0.52685546875
5.32590794563,-0.0263671875,-0.02490234375,-0.52685546875
5.33087491989,-0.0263671875,-0.02490234375,-0.52685546875
5.33672595024,-0.0263671875,-0.02490234375,-0.52685546875
5.34179806709,-0.0263671875,-0.02490234375,-0.52685546875
5.34777808189,-0.0263671875,-0.02490234375,-0.52685546875
5.35296702385,-0.0263671875,-0.02490234375,-0.52685546875
5.3586769104,-0.0263671875,-0.02490234375,-0.52685546875
5.36460900307,-0.0263671875,-0.02490234375,-0.52685546875
5.3696501255,-0.0263671875,-0.02490234375,-0.52685546875
5.37560796738,-0.0263671875,-0.02490234375,-0.52685546875
5.38053703308,-0.0263671875,-0.02490234375,-0.52685546875
5.38652992249,-0.0234375,-0.01806640625,-0.52685546875
5.39154791832,-0.0234375,-0.01806640625,-0.52685546875
5.39744997025,-0.0234375,-0.01806640625,-0.52685546875
5.40349507332,-0.0234375,-0.01806640625,-0.52685546875
5.40936803818,-0.0234375,-0.01806640625,-0.52685546875
5.41443300247,-0.0234375,-0.01806640625,-0.52685546875
5.42037391663,-0.0234375,-0.01806640625,-0.52685546875
5.42543411255,-0.0234375,-0.01806640625,-0.52685546875
5.43128108978,-0.0234375,-0.01806640625,-0.52685546875
5.43627309799,-0.0234375,-0.01806640625,-0.52685546875
5.44227290154,-0.0234375,-0.01806640625,-0.52685546875
5.4475479126,-0.0234375,-0.01806640625,-0.52685546875
5.4531750679,-0.0234375,-0.01806640625,-0.52685546875
5.45815992355,-0.0234375,-0.01806640625,-0.52685546875
5.46414589882,-0.0234375,-0.01806640625,-0.52685546875
5.47010493279,-0.02783203125,-0.01513671875,-0.51416015625
5.47524094582,-0.02783203125,-0.01513671875,-0.51416015625
5.48111796379,-0.02783203125,-0.01513671875,-0.51416015625
5.48609495163,-0.02783203125,-0.01513671875,-0.51416015625
5.4920759201,-0.02783203125,-0.01513671875,-0.51416015625
5.49709606171,-0.02783203125,-0.01513671875,-0.51416015625
5.50296092033,-0.02783203125,-0.01513671875,-0.51416015625
5.50888895988,-0.02783203125,-0.01513671875,-0.51416015625
5.51397204399,-0.02783203125,-0.01513671875,-0.51416015625
5.51896691322,-0.02783203125,-0.01513671875,-0.51416015625
5.5247759819,-0.02783203125,-0.01513671875,-0.51416015625
